6,1,Environment,Site Outdoor Air Drybulb Temperature [C] !TimeStep
7,1,Environment,Site Outdoor Air Dewpoint Temperature [C] !TimeStep
8,1,Environment,Site Outdoor Air Barometric Pressure [Pa] !TimeStep
9,1,Environment,Site Wind Speed [m/s] !TimeStep
10,1,Environment,Site Wind Direction [deg] !TimeStep
11,1,Environment,Site Diffuse Solar Radiation Rate per Area [W/m2] !TimeStep
12,1,Environment,Site Direct Solar Radiation Rate per Area [W/m2] !TimeStep
13,1,Environment,Site Solar Azimuth Angle [deg] !TimeStep
14,1,Environment,Site Solar Altitude Angle [deg] !TimeStep
15,1,1STFLOOR:STAIRS,Zone People Sensible Heating Rate [W] !TimeStep
16,1,1STFLOOR:TRASHROOM,Zone People Sensible Heating Rate [W] !TimeStep
17,1,1STFLOOR:STAFFRESTROOM,Zone People Sensible Heating Rate [W] !TimeStep
18,1,1STFLOOR:OPENOFFICE,Zone People Sensible Heating Rate [W] !TimeStep
19,1,1STFLOOR:OFFICE111,Zone People Sensible Heating Rate [W] !TimeStep
20,1,1STFLOOR:TANK,Zone People Sensible Heating Rate [W] !TimeStep
21,1,1STFLOOR:PUMPROOM,Zone People Sensible Heating Rate [W] !TimeStep
22,1,1STFLOOR:LOBBY,Zone People Sensible Heating Rate [W] !TimeStep
23,1,1STFLOOR:PREPROOM,Zone People Sensible Heating Rate [W] !TimeStep
24,1,1STFLOOR:KITCHEN,Zone People Sensible Heating Rate [W] !TimeStep
25,1,1STFLOOR:VESTIBULE,Zone People Sensible Heating Rate [W] !TimeStep
26,1,1STFLOOR:ELEC.,Zone People Sensible Heating Rate [W] !TimeStep
27,1,1STFLOOR:JANITOR,Zone People Sensible Heating Rate [W] !TimeStep
28,1,1STFLOOR:MEN%SRESTROOM,Zone People Sensible Heating Rate [W] !TimeStep
29,1,1STFLOOR:LOBBY1,Zone People Sensible Heating Rate [W] !TimeStep
30,1,1STFLOOR:STORAGE,Zone People Sensible Heating Rate [W] !TimeStep
31,1,1STFLOOR:ELEV.CLOSET,Zone People Sensible Heating Rate [W] !TimeStep
32,1,1STFLOOR:ELEVATOR,Zone People Sensible Heating Rate [W] !TimeStep
33,1,1STFLOOR:OFFICE,Zone People Sensible Heating Rate [W] !TimeStep
34,1,1STFLOOR:WOMEN%SRESTROOM,Zone People Sensible Heating Rate [W] !TimeStep
35,1,1STFLOOR:CLASSROOM,Zone People Sensible Heating Rate [W] !TimeStep
36,1,BLOCK2:STORGE,Zone People Sensible Heating Rate [W] !TimeStep
37,1,BLOCK2:MAINAREA,Zone People Sensible Heating Rate [W] !TimeStep
38,1,BLOCK2:AQUARIUM,Zone People Sensible Heating Rate [W] !TimeStep
39,1,BLOCK2:ELEVATOR1,Zone People Sensible Heating Rate [W] !TimeStep
40,1,BLOCK2:VESTIBULE,Zone People Sensible Heating Rate [W] !TimeStep
41,1,BLOCK2:MECH.,Zone People Sensible Heating Rate [W] !TimeStep
42,1,BLOCK2:THEATER,Zone People Sensible Heating Rate [W] !TimeStep
43,1,BLOCK2:CLOSET,Zone People Sensible Heating Rate [W] !TimeStep
44,1,BLOCK2:ZONE8,Zone People Sensible Heating Rate [W] !TimeStep
45,1,BLOCK2:ELEVATOR,Zone People Sensible Heating Rate [W] !TimeStep
46,1,BLOCK2:EQUIPTMENTRM.,Zone People Sensible Heating Rate [W] !TimeStep
47,1,BLOCK1:MAINAREA,Zone People Sensible Heating Rate [W] !TimeStep
1804,1,1STFLOOR:STAIRS,Zone Windows Total Transmitted Solar Radiation Rate [W] !TimeStep
1805,1,1STFLOOR:STAIRS,Zone Interior Windows Total Transmitted Beam Solar Radiation Rate [W] !TimeStep
1806,1,1STFLOOR:STAIRS,Zone Interior Windows Total Transmitted Diffuse Solar Radiation Rate [W] !TimeStep
1807,1,1STFLOOR:TRASHROOM,Zone Windows Total Transmitted Solar Radiation Rate [W] !TimeStep
1808,1,1STFLOOR:TRASHROOM,Zone Interior Windows Total Transmitted Beam Solar Radiation Rate [W] !TimeStep
1809,1,1STFLOOR:TRASHROOM,Zone Interior Windows Total Transmitted Diffuse Solar Radiation Rate [W] !TimeStep
1810,1,1STFLOOR:STAFFRESTROOM,Zone Windows Total Transmitted Solar Radiation Rate [W] !TimeStep
1811,1,1STFLOOR:STAFFRESTROOM,Zone Interior Windows Total Transmitted Beam Solar Radiation Rate [W] !TimeStep
1812,1,1STFLOOR:STAFFRESTROOM,Zone Interior Windows Total Transmitted Diffuse Solar Radiation Rate [W] !TimeStep
1813,1,1STFLOOR:OPENOFFICE,Zone Windows Total Transmitted Solar Radiation Rate [W] !TimeStep
1814,1,1STFLOOR:OPENOFFICE,Zone Interior Windows Total Transmitted Beam Solar Radiation Rate [W] !TimeStep
1815,1,1STFLOOR:OPENOFFICE,Zone Interior Windows Total Transmitted Diffuse Solar Radiation Rate [W] !TimeStep
1816,1,1STFLOOR:OFFICE111,Zone Windows Total Transmitted Solar Radiation Rate [W] !TimeStep
1817,1,1STFLOOR:OFFICE111,Zone Interior Windows Total Transmitted Beam Solar Radiation Rate [W] !TimeStep
1818,1,1STFLOOR:OFFICE111,Zone Interior Windows Total Transmitted Diffuse Solar Radiation Rate [W] !TimeStep
1819,1,1STFLOOR:TANK,Zone Windows Total Transmitted Solar Radiation Rate [W] !TimeStep
1820,1,1STFLOOR:TANK,Zone Interior Windows Total Transmitted Beam Solar Radiation Rate [W] !TimeStep
1821,1,1STFLOOR:TANK,Zone Interior Windows Total Transmitted Diffuse Solar Radiation Rate [W] !TimeStep
1822,1,1STFLOOR:PUMPROOM,Zone Windows Total Transmitted Solar Radiation Rate [W] !TimeStep
1823,1,1STFLOOR:PUMPROOM,Zone Interior Windows Total Transmitted Beam Solar Radiation Rate [W] !TimeStep
1824,1,1STFLOOR:PUMPROOM,Zone Interior Windows Total Transmitted Diffuse Solar Radiation Rate [W] !TimeStep
1825,1,1STFLOOR:LOBBY,Zone Windows Total Transmitted Solar Radiation Rate [W] !TimeStep
1826,1,1STFLOOR:LOBBY,Zone Interior Windows Total Transmitted Beam Solar Radiation Rate [W] !TimeStep
1827,1,1STFLOOR:LOBBY,Zone Interior Windows Total Transmitted Diffuse Solar Radiation Rate [W] !TimeStep
1828,1,1STFLOOR:PREPROOM,Zone Windows Total Transmitted Solar Radiation Rate [W] !TimeStep
1829,1,1STFLOOR:PREPROOM,Zone Interior Windows Total Transmitted Beam Solar Radiation Rate [W] !TimeStep
1830,1,1STFLOOR:PREPROOM,Zone Interior Windows Total Transmitted Diffuse Solar Radiation Rate [W] !TimeStep
1831,1,1STFLOOR:KITCHEN,Zone Windows Total Transmitted Solar Radiation Rate [W] !TimeStep
1832,1,1STFLOOR:KITCHEN,Zone Interior Windows Total Transmitted Beam Solar Radiation Rate [W] !TimeStep
1833,1,1STFLOOR:KITCHEN,Zone Interior Windows Total Transmitted Diffuse Solar Radiation Rate [W] !TimeStep
1834,1,1STFLOOR:VESTIBULE,Zone Windows Total Transmitted Solar Radiation Rate [W] !TimeStep
1835,1,1STFLOOR:VESTIBULE,Zone Interior Windows Total Transmitted Beam Solar Radiation Rate [W] !TimeStep
1836,1,1STFLOOR:VESTIBULE,Zone Interior Windows Total Transmitted Diffuse Solar Radiation Rate [W] !TimeStep
1837,1,1STFLOOR:ELEC.,Zone Windows Total Transmitted Solar Radiation Rate [W] !TimeStep
1838,1,1STFLOOR:ELEC.,Zone Interior Windows Total Transmitted Beam Solar Radiation Rate [W] !TimeStep
1839,1,1STFLOOR:ELEC.,Zone Interior Windows Total Transmitted Diffuse Solar Radiation Rate [W] !TimeStep
1840,1,1STFLOOR:JANITOR,Zone Windows Total Transmitted Solar Radiation Rate [W] !TimeStep
1841,1,1STFLOOR:JANITOR,Zone Interior Windows Total Transmitted Beam Solar Radiation Rate [W] !TimeStep
1842,1,1STFLOOR:JANITOR,Zone Interior Windows Total Transmitted Diffuse Solar Radiation Rate [W] !TimeStep
1843,1,1STFLOOR:MEN%SRESTROOM,Zone Windows Total Transmitted Solar Radiation Rate [W] !TimeStep
1844,1,1STFLOOR:MEN%SRESTROOM,Zone Interior Windows Total Transmitted Beam Solar Radiation Rate [W] !TimeStep
1845,1,1STFLOOR:MEN%SRESTROOM,Zone Interior Windows Total Transmitted Diffuse Solar Radiation Rate [W] !TimeStep
1846,1,1STFLOOR:LOBBY1,Zone Windows Total Transmitted Solar Radiation Rate [W] !TimeStep
1847,1,1STFLOOR:LOBBY1,Zone Interior Windows Total Transmitted Beam Solar Radiation Rate [W] !TimeStep
1848,1,1STFLOOR:LOBBY1,Zone Interior Windows Total Transmitted Diffuse Solar Radiation Rate [W] !TimeStep
1849,1,1STFLOOR:STORAGE,Zone Windows Total Transmitted Solar Radiation Rate [W] !TimeStep
1850,1,1STFLOOR:STORAGE,Zone Interior Windows Total Transmitted Beam Solar Radiation Rate [W] !TimeStep
1851,1,1STFLOOR:STORAGE,Zone Interior Windows Total Transmitted Diffuse Solar Radiation Rate [W] !TimeStep
1852,1,1STFLOOR:ELEV.CLOSET,Zone Windows Total Transmitted Solar Radiation Rate [W] !TimeStep
1853,1,1STFLOOR:ELEV.CLOSET,Zone Interior Windows Total Transmitted Beam Solar Radiation Rate [W] !TimeStep
1854,1,1STFLOOR:ELEV.CLOSET,Zone Interior Windows Total Transmitted Diffuse Solar Radiation Rate [W] !TimeStep
1855,1,1STFLOOR:ELEVATOR,Zone Windows Total Transmitted Solar Radiation Rate [W] !TimeStep
1856,1,1STFLOOR:ELEVATOR,Zone Interior Windows Total Transmitted Beam Solar Radiation Rate [W] !TimeStep
1857,1,1STFLOOR:ELEVATOR,Zone Interior Windows Total Transmitted Diffuse Solar Radiation Rate [W] !TimeStep
1858,1,1STFLOOR:OFFICE,Zone Windows Total Transmitted Solar Radiation Rate [W] !TimeStep
1859,1,1STFLOOR:OFFICE,Zone Interior Windows Total Transmitted Beam Solar Radiation Rate [W] !TimeStep
1860,1,1STFLOOR:OFFICE,Zone Interior Windows Total Transmitted Diffuse Solar Radiation Rate [W] !TimeStep
1861,1,1STFLOOR:WOMEN%SRESTROOM,Zone Windows Total Transmitted Solar Radiation Rate [W] !TimeStep
1862,1,1STFLOOR:WOMEN%SRESTROOM,Zone Interior Windows Total Transmitted Beam Solar Radiation Rate [W] !TimeStep
1863,1,1STFLOOR:WOMEN%SRESTROOM,Zone Interior Windows Total Transmitted Diffuse Solar Radiation Rate [W] !TimeStep
1864,1,1STFLOOR:CLASSROOM,Zone Windows Total Transmitted Solar Radiation Rate [W] !TimeStep
1865,1,1STFLOOR:CLASSROOM,Zone Interior Windows Total Transmitted Beam Solar Radiation Rate [W] !TimeStep
1866,1,1STFLOOR:CLASSROOM,Zone Interior Windows Total Transmitted Diffuse Solar Radiation Rate [W] !TimeStep
1867,1,BLOCK2:STORGE,Zone Windows Total Transmitted Solar Radiation Rate [W] !TimeStep
1868,1,BLOCK2:STORGE,Zone Interior Windows Total Transmitted Beam Solar Radiation Rate [W] !TimeStep
1869,1,BLOCK2:STORGE,Zone Interior Windows Total Transmitted Diffuse Solar Radiation Rate [W] !TimeStep
1870,1,BLOCK2:MAINAREA,Zone Windows Total Transmitted Solar Radiation Rate [W] !TimeStep
1871,1,BLOCK2:MAINAREA,Zone Interior Windows Total Transmitted Beam Solar Radiation Rate [W] !TimeStep
1872,1,BLOCK2:MAINAREA,Zone Interior Windows Total Transmitted Diffuse Solar Radiation Rate [W] !TimeStep
1873,1,BLOCK2:AQUARIUM,Zone Windows Total Transmitted Solar Radiation Rate [W] !TimeStep
1874,1,BLOCK2:AQUARIUM,Zone Interior Windows Total Transmitted Beam Solar Radiation Rate [W] !TimeStep
1875,1,BLOCK2:AQUARIUM,Zone Interior Windows Total Transmitted Diffuse Solar Radiation Rate [W] !TimeStep
1876,1,BLOCK2:ELEVATOR1,Zone Windows Total Transmitted Solar Radiation Rate [W] !TimeStep
1877,1,BLOCK2:ELEVATOR1,Zone Interior Windows Total Transmitted Beam Solar Radiation Rate [W] !TimeStep
1878,1,BLOCK2:ELEVATOR1,Zone Interior Windows Total Transmitted Diffuse Solar Radiation Rate [W] !TimeStep
1879,1,BLOCK2:VESTIBULE,Zone Windows Total Transmitted Solar Radiation Rate [W] !TimeStep
1880,1,BLOCK2:VESTIBULE,Zone Interior Windows Total Transmitted Beam Solar Radiation Rate [W] !TimeStep
1881,1,BLOCK2:VESTIBULE,Zone Interior Windows Total Transmitted Diffuse Solar Radiation Rate [W] !TimeStep
1882,1,BLOCK2:MECH.,Zone Windows Total Transmitted Solar Radiation Rate [W] !TimeStep
1883,1,BLOCK2:MECH.,Zone Interior Windows Total Transmitted Beam Solar Radiation Rate [W] !TimeStep
1884,1,BLOCK2:MECH.,Zone Interior Windows Total Transmitted Diffuse Solar Radiation Rate [W] !TimeStep
1885,1,BLOCK2:THEATER,Zone Windows Total Transmitted Solar Radiation Rate [W] !TimeStep
1886,1,BLOCK2:THEATER,Zone Interior Windows Total Transmitted Beam Solar Radiation Rate [W] !TimeStep
1887,1,BLOCK2:THEATER,Zone Interior Windows Total Transmitted Diffuse Solar Radiation Rate [W] !TimeStep
1888,1,BLOCK2:CLOSET,Zone Windows Total Transmitted Solar Radiation Rate [W] !TimeStep
1889,1,BLOCK2:CLOSET,Zone Interior Windows Total Transmitted Beam Solar Radiation Rate [W] !TimeStep
1890,1,BLOCK2:CLOSET,Zone Interior Windows Total Transmitted Diffuse Solar Radiation Rate [W] !TimeStep
1891,1,BLOCK2:ZONE8,Zone Windows Total Transmitted Solar Radiation Rate [W] !TimeStep
1892,1,BLOCK2:ZONE8,Zone Interior Windows Total Transmitted Beam Solar Radiation Rate [W] !TimeStep
1893,1,BLOCK2:ZONE8,Zone Interior Windows Total Transmitted Diffuse Solar Radiation Rate [W] !TimeStep
1894,1,BLOCK2:ELEVATOR,Zone Windows Total Transmitted Solar Radiation Rate [W] !TimeStep
1895,1,BLOCK2:ELEVATOR,Zone Interior Windows Total Transmitted Beam Solar Radiation Rate [W] !TimeStep
1896,1,BLOCK2:ELEVATOR,Zone Interior Windows Total Transmitted Diffuse Solar Radiation Rate [W] !TimeStep
1897,1,BLOCK2:EQUIPTMENTRM.,Zone Windows Total Transmitted Solar Radiation Rate [W] !TimeStep
1898,1,BLOCK2:EQUIPTMENTRM.,Zone Interior Windows Total Transmitted Beam Solar Radiation Rate [W] !TimeStep
1899,1,BLOCK2:EQUIPTMENTRM.,Zone Interior Windows Total Transmitted Diffuse Solar Radiation Rate [W] !TimeStep
1900,1,BLOCK1:MAINAREA,Zone Windows Total Transmitted Solar Radiation Rate [W] !TimeStep
1901,1,BLOCK1:MAINAREA,Zone Interior Windows Total Transmitted Beam Solar Radiation Rate [W] !TimeStep
1902,1,BLOCK1:MAINAREA,Zone Interior Windows Total Transmitted Diffuse Solar Radiation Rate [W] !TimeStep
1903,1,1STFLOOR:STAIRS,Zone Mean Radiant Temperature [C] !TimeStep,ON
1904,1,1STFLOOR:TRASHROOM,Zone Mean Radiant Temperature [C] !TimeStep,ON
1905,1,1STFLOOR:STAFFRESTROOM,Zone Mean Radiant Temperature [C] !TimeStep,ON
1906,1,1STFLOOR:OPENOFFICE,Zone Mean Radiant Temperature [C] !TimeStep,ON
1907,1,1STFLOOR:OFFICE111,Zone Mean Radiant Temperature [C] !TimeStep,ON
1908,1,1STFLOOR:TANK,Zone Mean Radiant Temperature [C] !TimeStep,ON
1909,1,1STFLOOR:PUMPROOM,Zone Mean Radiant Temperature [C] !TimeStep,ON
1910,1,1STFLOOR:LOBBY,Zone Mean Radiant Temperature [C] !TimeStep,ON
1911,1,1STFLOOR:PREPROOM,Zone Mean Radiant Temperature [C] !TimeStep,ON
1912,1,1STFLOOR:KITCHEN,Zone Mean Radiant Temperature [C] !TimeStep,ON
1913,1,1STFLOOR:VESTIBULE,Zone Mean Radiant Temperature [C] !TimeStep,ON
1914,1,1STFLOOR:ELEC.,Zone Mean Radiant Temperature [C] !TimeStep,ON
1915,1,1STFLOOR:JANITOR,Zone Mean Radiant Temperature [C] !TimeStep,ON
1916,1,1STFLOOR:MEN%SRESTROOM,Zone Mean Radiant Temperature [C] !TimeStep,ON
1917,1,1STFLOOR:LOBBY1,Zone Mean Radiant Temperature [C] !TimeStep,ON
1918,1,1STFLOOR:STORAGE,Zone Mean Radiant Temperature [C] !TimeStep,ON
1919,1,1STFLOOR:ELEV.CLOSET,Zone Mean Radiant Temperature [C] !TimeStep,ON
1920,1,1STFLOOR:ELEVATOR,Zone Mean Radiant Temperature [C] !TimeStep,ON
1921,1,1STFLOOR:OFFICE,Zone Mean Radiant Temperature [C] !TimeStep,ON
1922,1,1STFLOOR:WOMEN%SRESTROOM,Zone Mean Radiant Temperature [C] !TimeStep,ON
1923,1,1STFLOOR:CLASSROOM,Zone Mean Radiant Temperature [C] !TimeStep,ON
1924,1,BLOCK2:STORGE,Zone Mean Radiant Temperature [C] !TimeStep,ON
1925,1,BLOCK2:MAINAREA,Zone Mean Radiant Temperature [C] !TimeStep,ON
1926,1,BLOCK2:AQUARIUM,Zone Mean Radiant Temperature [C] !TimeStep,ON
1927,1,BLOCK2:ELEVATOR1,Zone Mean Radiant Temperature [C] !TimeStep,ON
1928,1,BLOCK2:VESTIBULE,Zone Mean Radiant Temperature [C] !TimeStep,ON
1929,1,BLOCK2:MECH.,Zone Mean Radiant Temperature [C] !TimeStep,ON
1930,1,BLOCK2:THEATER,Zone Mean Radiant Temperature [C] !TimeStep,ON
1931,1,BLOCK2:CLOSET,Zone Mean Radiant Temperature [C] !TimeStep,ON
1932,1,BLOCK2:ZONE8,Zone Mean Radiant Temperature [C] !TimeStep,ON
1933,1,BLOCK2:ELEVATOR,Zone Mean Radiant Temperature [C] !TimeStep,ON
1934,1,BLOCK2:EQUIPTMENTRM.,Zone Mean Radiant Temperature [C] !TimeStep,ON
1935,1,BLOCK1:MAINAREA,Zone Mean Radiant Temperature [C] !TimeStep,ON
1936,1,1STFLOOR:STAIRS,Zone Mean Air Temperature [C] !TimeStep,ON
1937,1,1STFLOOR:STAIRS,Zone Operative Temperature [C] !TimeStep,ON
1938,1,1STFLOOR:TRASHROOM,Zone Mean Air Temperature [C] !TimeStep,ON
1939,1,1STFLOOR:TRASHROOM,Zone Operative Temperature [C] !TimeStep,ON
1940,1,1STFLOOR:STAFFRESTROOM,Zone Mean Air Temperature [C] !TimeStep,ON
1941,1,1STFLOOR:STAFFRESTROOM,Zone Operative Temperature [C] !TimeStep,ON
1942,1,1STFLOOR:OPENOFFICE,Zone Mean Air Temperature [C] !TimeStep,ON
1943,1,1STFLOOR:OPENOFFICE,Zone Operative Temperature [C] !TimeStep,ON
1944,1,1STFLOOR:OFFICE111,Zone Mean Air Temperature [C] !TimeStep,ON
1945,1,1STFLOOR:OFFICE111,Zone Operative Temperature [C] !TimeStep,ON
1946,1,1STFLOOR:TANK,Zone Mean Air Temperature [C] !TimeStep,ON
1947,1,1STFLOOR:TANK,Zone Operative Temperature [C] !TimeStep,ON
1948,1,1STFLOOR:PUMPROOM,Zone Mean Air Temperature [C] !TimeStep,ON
1949,1,1STFLOOR:PUMPROOM,Zone Operative Temperature [C] !TimeStep,ON
1950,1,1STFLOOR:LOBBY,Zone Mean Air Temperature [C] !TimeStep,ON
1951,1,1STFLOOR:LOBBY,Zone Operative Temperature [C] !TimeStep,ON
1952,1,1STFLOOR:PREPROOM,Zone Mean Air Temperature [C] !TimeStep,ON
1953,1,1STFLOOR:PREPROOM,Zone Operative Temperature [C] !TimeStep,ON
1954,1,1STFLOOR:KITCHEN,Zone Mean Air Temperature [C] !TimeStep,ON
1955,1,1STFLOOR:KITCHEN,Zone Operative Temperature [C] !TimeStep,ON
1956,1,1STFLOOR:VESTIBULE,Zone Mean Air Temperature [C] !TimeStep,ON
1957,1,1STFLOOR:VESTIBULE,Zone Operative Temperature [C] !TimeStep,ON
1958,1,1STFLOOR:ELEC.,Zone Mean Air Temperature [C] !TimeStep,ON
1959,1,1STFLOOR:ELEC.,Zone Operative Temperature [C] !TimeStep,ON
1960,1,1STFLOOR:JANITOR,Zone Mean Air Temperature [C] !TimeStep,ON
1961,1,1STFLOOR:JANITOR,Zone Operative Temperature [C] !TimeStep,ON
1962,1,1STFLOOR:MEN%SRESTROOM,Zone Mean Air Temperature [C] !TimeStep,ON
1963,1,1STFLOOR:MEN%SRESTROOM,Zone Operative Temperature [C] !TimeStep,ON
1964,1,1STFLOOR:LOBBY1,Zone Mean Air Temperature [C] !TimeStep,ON
1965,1,1STFLOOR:LOBBY1,Zone Operative Temperature [C] !TimeStep,ON
1966,1,1STFLOOR:STORAGE,Zone Mean Air Temperature [C] !TimeStep,ON
1967,1,1STFLOOR:STORAGE,Zone Operative Temperature [C] !TimeStep,ON
1968,1,1STFLOOR:ELEV.CLOSET,Zone Mean Air Temperature [C] !TimeStep,ON
1969,1,1STFLOOR:ELEV.CLOSET,Zone Operative Temperature [C] !TimeStep,ON
1970,1,1STFLOOR:ELEVATOR,Zone Mean Air Temperature [C] !TimeStep,ON
1971,1,1STFLOOR:ELEVATOR,Zone Operative Temperature [C] !TimeStep,ON
1972,1,1STFLOOR:OFFICE,Zone Mean Air Temperature [C] !TimeStep,ON
1973,1,1STFLOOR:OFFICE,Zone Operative Temperature [C] !TimeStep,ON
1974,1,1STFLOOR:WOMEN%SRESTROOM,Zone Mean Air Temperature [C] !TimeStep,ON
1975,1,1STFLOOR:WOMEN%SRESTROOM,Zone Operative Temperature [C] !TimeStep,ON
1976,1,1STFLOOR:CLASSROOM,Zone Mean Air Temperature [C] !TimeStep,ON
1977,1,1STFLOOR:CLASSROOM,Zone Operative Temperature [C] !TimeStep,ON
1978,1,BLOCK2:STORGE,Zone Mean Air Temperature [C] !TimeStep,ON
1979,1,BLOCK2:STORGE,Zone Operative Temperature [C] !TimeStep,ON
1980,1,BLOCK2:MAINAREA,Zone Mean Air Temperature [C] !TimeStep,ON
1981,1,BLOCK2:MAINAREA,Zone Operative Temperature [C] !TimeStep,ON
1982,1,BLOCK2:AQUARIUM,Zone Mean Air Temperature [C] !TimeStep,ON
1983,1,BLOCK2:AQUARIUM,Zone Operative Temperature [C] !TimeStep,ON
1984,1,BLOCK2:ELEVATOR1,Zone Mean Air Temperature [C] !TimeStep,ON
1985,1,BLOCK2:ELEVATOR1,Zone Operative Temperature [C] !TimeStep,ON
1986,1,BLOCK2:VESTIBULE,Zone Mean Air Temperature [C] !TimeStep,ON
1987,1,BLOCK2:VESTIBULE,Zone Operative Temperature [C] !TimeStep,ON
1988,1,BLOCK2:MECH.,Zone Mean Air Temperature [C] !TimeStep,ON
1989,1,BLOCK2:MECH.,Zone Operative Temperature [C] !TimeStep,ON
1990,1,BLOCK2:THEATER,Zone Mean Air Temperature [C] !TimeStep,ON
1991,1,BLOCK2:THEATER,Zone Operative Temperature [C] !TimeStep,ON
1992,1,BLOCK2:CLOSET,Zone Mean Air Temperature [C] !TimeStep,ON
1993,1,BLOCK2:CLOSET,Zone Operative Temperature [C] !TimeStep,ON
1994,1,BLOCK2:ZONE8,Zone Mean Air Temperature [C] !TimeStep,ON
1995,1,BLOCK2:ZONE8,Zone Operative Temperature [C] !TimeStep,ON
1996,1,BLOCK2:ELEVATOR,Zone Mean Air Temperature [C] !TimeStep,ON
1997,1,BLOCK2:ELEVATOR,Zone Operative Temperature [C] !TimeStep,ON
1998,1,BLOCK2:EQUIPTMENTRM.,Zone Mean Air Temperature [C] !TimeStep,ON
1999,1,BLOCK2:EQUIPTMENTRM.,Zone Operative Temperature [C] !TimeStep,ON
2000,1,BLOCK1:MAINAREA,Zone Mean Air Temperature [C] !TimeStep,ON
2001,1,BLOCK1:MAINAREA,Zone Operative Temperature [C] !TimeStep,ON
2002,1,1STFLOOR:STAIRS,Zone Infiltration Sensible Heat Loss Energy [J] !TimeStep
2003,1,1STFLOOR:STAIRS,Zone Infiltration Sensible Heat Gain Energy [J] !TimeStep
2004,1,1STFLOOR:STAIRS,Zone Infiltration Air Change Rate [ach] !TimeStep
2005,1,1STFLOOR:TRASHROOM,Zone Infiltration Sensible Heat Loss Energy [J] !TimeStep
2006,1,1STFLOOR:TRASHROOM,Zone Infiltration Sensible Heat Gain Energy [J] !TimeStep
2007,1,1STFLOOR:TRASHROOM,Zone Infiltration Air Change Rate [ach] !TimeStep
2008,1,1STFLOOR:STAFFRESTROOM,Zone Infiltration Sensible Heat Loss Energy [J] !TimeStep
2009,1,1STFLOOR:STAFFRESTROOM,Zone Infiltration Sensible Heat Gain Energy [J] !TimeStep
2010,1,1STFLOOR:STAFFRESTROOM,Zone Infiltration Air Change Rate [ach] !TimeStep
2011,1,1STFLOOR:OPENOFFICE,Zone Infiltration Sensible Heat Loss Energy [J] !TimeStep
2012,1,1STFLOOR:OPENOFFICE,Zone Infiltration Sensible Heat Gain Energy [J] !TimeStep
2013,1,1STFLOOR:OPENOFFICE,Zone Infiltration Air Change Rate [ach] !TimeStep
2014,1,1STFLOOR:OFFICE111,Zone Infiltration Sensible Heat Loss Energy [J] !TimeStep
2015,1,1STFLOOR:OFFICE111,Zone Infiltration Sensible Heat Gain Energy [J] !TimeStep
2016,1,1STFLOOR:OFFICE111,Zone Infiltration Air Change Rate [ach] !TimeStep
2017,1,1STFLOOR:TANK,Zone Infiltration Sensible Heat Loss Energy [J] !TimeStep
2018,1,1STFLOOR:TANK,Zone Infiltration Sensible Heat Gain Energy [J] !TimeStep
2019,1,1STFLOOR:TANK,Zone Infiltration Air Change Rate [ach] !TimeStep
2020,1,1STFLOOR:PUMPROOM,Zone Infiltration Sensible Heat Loss Energy [J] !TimeStep
2021,1,1STFLOOR:PUMPROOM,Zone Infiltration Sensible Heat Gain Energy [J] !TimeStep
2022,1,1STFLOOR:PUMPROOM,Zone Infiltration Air Change Rate [ach] !TimeStep
2023,1,1STFLOOR:LOBBY,Zone Infiltration Sensible Heat Loss Energy [J] !TimeStep
2024,1,1STFLOOR:LOBBY,Zone Infiltration Sensible Heat Gain Energy [J] !TimeStep
2025,1,1STFLOOR:LOBBY,Zone Infiltration Air Change Rate [ach] !TimeStep
2026,1,1STFLOOR:PREPROOM,Zone Infiltration Sensible Heat Loss Energy [J] !TimeStep
2027,1,1STFLOOR:PREPROOM,Zone Infiltration Sensible Heat Gain Energy [J] !TimeStep
2028,1,1STFLOOR:PREPROOM,Zone Infiltration Air Change Rate [ach] !TimeStep
2029,1,1STFLOOR:KITCHEN,Zone Infiltration Sensible Heat Loss Energy [J] !TimeStep
2030,1,1STFLOOR:KITCHEN,Zone Infiltration Sensible Heat Gain Energy [J] !TimeStep
2031,1,1STFLOOR:KITCHEN,Zone Infiltration Air Change Rate [ach] !TimeStep
2032,1,1STFLOOR:VESTIBULE,Zone Infiltration Sensible Heat Loss Energy [J] !TimeStep
2033,1,1STFLOOR:VESTIBULE,Zone Infiltration Sensible Heat Gain Energy [J] !TimeStep
2034,1,1STFLOOR:VESTIBULE,Zone Infiltration Air Change Rate [ach] !TimeStep
2035,1,1STFLOOR:ELEC.,Zone Infiltration Sensible Heat Loss Energy [J] !TimeStep
2036,1,1STFLOOR:ELEC.,Zone Infiltration Sensible Heat Gain Energy [J] !TimeStep
2037,1,1STFLOOR:ELEC.,Zone Infiltration Air Change Rate [ach] !TimeStep
2038,1,1STFLOOR:JANITOR,Zone Infiltration Sensible Heat Loss Energy [J] !TimeStep
2039,1,1STFLOOR:JANITOR,Zone Infiltration Sensible Heat Gain Energy [J] !TimeStep
2040,1,1STFLOOR:JANITOR,Zone Infiltration Air Change Rate [ach] !TimeStep
2041,1,1STFLOOR:MEN%SRESTROOM,Zone Infiltration Sensible Heat Loss Energy [J] !TimeStep
2042,1,1STFLOOR:MEN%SRESTROOM,Zone Infiltration Sensible Heat Gain Energy [J] !TimeStep
2043,1,1STFLOOR:MEN%SRESTROOM,Zone Infiltration Air Change Rate [ach] !TimeStep
2044,1,1STFLOOR:LOBBY1,Zone Infiltration Sensible Heat Loss Energy [J] !TimeStep
2045,1,1STFLOOR:LOBBY1,Zone Infiltration Sensible Heat Gain Energy [J] !TimeStep
2046,1,1STFLOOR:LOBBY1,Zone Infiltration Air Change Rate [ach] !TimeStep
2047,1,1STFLOOR:STORAGE,Zone Infiltration Sensible Heat Loss Energy [J] !TimeStep
2048,1,1STFLOOR:STORAGE,Zone Infiltration Sensible Heat Gain Energy [J] !TimeStep
2049,1,1STFLOOR:STORAGE,Zone Infiltration Air Change Rate [ach] !TimeStep
2050,1,1STFLOOR:ELEV.CLOSET,Zone Infiltration Sensible Heat Loss Energy [J] !TimeStep
2051,1,1STFLOOR:ELEV.CLOSET,Zone Infiltration Sensible Heat Gain Energy [J] !TimeStep
2052,1,1STFLOOR:ELEV.CLOSET,Zone Infiltration Air Change Rate [ach] !TimeStep
2053,1,1STFLOOR:ELEVATOR,Zone Infiltration Sensible Heat Loss Energy [J] !TimeStep
2054,1,1STFLOOR:ELEVATOR,Zone Infiltration Sensible Heat Gain Energy [J] !TimeStep
2055,1,1STFLOOR:ELEVATOR,Zone Infiltration Air Change Rate [ach] !TimeStep
2056,1,1STFLOOR:OFFICE,Zone Infiltration Sensible Heat Loss Energy [J] !TimeStep
2057,1,1STFLOOR:OFFICE,Zone Infiltration Sensible Heat Gain Energy [J] !TimeStep
2058,1,1STFLOOR:OFFICE,Zone Infiltration Air Change Rate [ach] !TimeStep
2059,1,1STFLOOR:WOMEN%SRESTROOM,Zone Infiltration Sensible Heat Loss Energy [J] !TimeStep
2060,1,1STFLOOR:WOMEN%SRESTROOM,Zone Infiltration Sensible Heat Gain Energy [J] !TimeStep
2061,1,1STFLOOR:WOMEN%SRESTROOM,Zone Infiltration Air Change Rate [ach] !TimeStep
2062,1,1STFLOOR:CLASSROOM,Zone Infiltration Sensible Heat Loss Energy [J] !TimeStep
2063,1,1STFLOOR:CLASSROOM,Zone Infiltration Sensible Heat Gain Energy [J] !TimeStep
2064,1,1STFLOOR:CLASSROOM,Zone Infiltration Air Change Rate [ach] !TimeStep
2065,1,BLOCK2:STORGE,Zone Infiltration Sensible Heat Loss Energy [J] !TimeStep
2066,1,BLOCK2:STORGE,Zone Infiltration Sensible Heat Gain Energy [J] !TimeStep
2067,1,BLOCK2:STORGE,Zone Infiltration Air Change Rate [ach] !TimeStep
2068,1,BLOCK2:MAINAREA,Zone Infiltration Sensible Heat Loss Energy [J] !TimeStep
2069,1,BLOCK2:MAINAREA,Zone Infiltration Sensible Heat Gain Energy [J] !TimeStep
2070,1,BLOCK2:MAINAREA,Zone Infiltration Air Change Rate [ach] !TimeStep
2071,1,BLOCK2:AQUARIUM,Zone Infiltration Sensible Heat Loss Energy [J] !TimeStep
2072,1,BLOCK2:AQUARIUM,Zone Infiltration Sensible Heat Gain Energy [J] !TimeStep
2073,1,BLOCK2:AQUARIUM,Zone Infiltration Air Change Rate [ach] !TimeStep
2074,1,BLOCK2:ELEVATOR1,Zone Infiltration Sensible Heat Loss Energy [J] !TimeStep
2075,1,BLOCK2:ELEVATOR1,Zone Infiltration Sensible Heat Gain Energy [J] !TimeStep
2076,1,BLOCK2:ELEVATOR1,Zone Infiltration Air Change Rate [ach] !TimeStep
2077,1,BLOCK2:VESTIBULE,Zone Infiltration Sensible Heat Loss Energy [J] !TimeStep
2078,1,BLOCK2:VESTIBULE,Zone Infiltration Sensible Heat Gain Energy [J] !TimeStep
2079,1,BLOCK2:VESTIBULE,Zone Infiltration Air Change Rate [ach] !TimeStep
2080,1,BLOCK2:MECH.,Zone Infiltration Sensible Heat Loss Energy [J] !TimeStep
2081,1,BLOCK2:MECH.,Zone Infiltration Sensible Heat Gain Energy [J] !TimeStep
2082,1,BLOCK2:MECH.,Zone Infiltration Air Change Rate [ach] !TimeStep
2083,1,BLOCK2:THEATER,Zone Infiltration Sensible Heat Loss Energy [J] !TimeStep
2084,1,BLOCK2:THEATER,Zone Infiltration Sensible Heat Gain Energy [J] !TimeStep
2085,1,BLOCK2:THEATER,Zone Infiltration Air Change Rate [ach] !TimeStep
2086,1,BLOCK2:CLOSET,Zone Infiltration Sensible Heat Loss Energy [J] !TimeStep
2087,1,BLOCK2:CLOSET,Zone Infiltration Sensible Heat Gain Energy [J] !TimeStep
2088,1,BLOCK2:CLOSET,Zone Infiltration Air Change Rate [ach] !TimeStep
2089,1,BLOCK2:ZONE8,Zone Infiltration Sensible Heat Loss Energy [J] !TimeStep
2090,1,BLOCK2:ZONE8,Zone Infiltration Sensible Heat Gain Energy [J] !TimeStep
2091,1,BLOCK2:ZONE8,Zone Infiltration Air Change Rate [ach] !TimeStep
2092,1,BLOCK2:ELEVATOR,Zone Infiltration Sensible Heat Loss Energy [J] !TimeStep
2093,1,BLOCK2:ELEVATOR,Zone Infiltration Sensible Heat Gain Energy [J] !TimeStep
2094,1,BLOCK2:ELEVATOR,Zone Infiltration Air Change Rate [ach] !TimeStep
2095,1,BLOCK2:EQUIPTMENTRM.,Zone Infiltration Sensible Heat Loss Energy [J] !TimeStep
2096,1,BLOCK2:EQUIPTMENTRM.,Zone Infiltration Sensible Heat Gain Energy [J] !TimeStep
2097,1,BLOCK2:EQUIPTMENTRM.,Zone Infiltration Air Change Rate [ach] !TimeStep
2098,1,BLOCK1:MAINAREA,Zone Infiltration Sensible Heat Loss Energy [J] !TimeStep
2099,1,BLOCK1:MAINAREA,Zone Infiltration Sensible Heat Gain Energy [J] !TimeStep
2100,1,BLOCK1:MAINAREA,Zone Infiltration Air Change Rate [ach] !TimeStep
2101,1,1STFLOOR:STAIRS,Zone Ventilation Sensible Heat Loss Energy [J] !TimeStep
2102,1,1STFLOOR:STAIRS,Zone Ventilation Sensible Heat Gain Energy [J] !TimeStep
2103,1,1STFLOOR:STAIRS,Zone Ventilation Air Change Rate [ach] !TimeStep
2135,1,1STFLOOR:TRASHROOM,Zone Ventilation Sensible Heat Loss Energy [J] !TimeStep
2136,1,1STFLOOR:TRASHROOM,Zone Ventilation Sensible Heat Gain Energy [J] !TimeStep
2137,1,1STFLOOR:TRASHROOM,Zone Ventilation Air Change Rate [ach] !TimeStep
2149,1,1STFLOOR:STAFFRESTROOM,Zone Ventilation Sensible Heat Loss Energy [J] !TimeStep
2150,1,1STFLOOR:STAFFRESTROOM,Zone Ventilation Sensible Heat Gain Energy [J] !TimeStep
2151,1,1STFLOOR:STAFFRESTROOM,Zone Ventilation Air Change Rate [ach] !TimeStep
2163,1,1STFLOOR:OPENOFFICE,Zone Ventilation Sensible Heat Loss Energy [J] !TimeStep
2164,1,1STFLOOR:OPENOFFICE,Zone Ventilation Sensible Heat Gain Energy [J] !TimeStep
2165,1,1STFLOOR:OPENOFFICE,Zone Ventilation Air Change Rate [ach] !TimeStep
2177,1,1STFLOOR:OFFICE111,Zone Ventilation Sensible Heat Loss Energy [J] !TimeStep
2178,1,1STFLOOR:OFFICE111,Zone Ventilation Sensible Heat Gain Energy [J] !TimeStep
2179,1,1STFLOOR:OFFICE111,Zone Ventilation Air Change Rate [ach] !TimeStep
2191,1,1STFLOOR:TANK,Zone Ventilation Sensible Heat Loss Energy [J] !TimeStep
2192,1,1STFLOOR:TANK,Zone Ventilation Sensible Heat Gain Energy [J] !TimeStep
2193,1,1STFLOOR:TANK,Zone Ventilation Air Change Rate [ach] !TimeStep
2205,1,1STFLOOR:PUMPROOM,Zone Ventilation Sensible Heat Loss Energy [J] !TimeStep
2206,1,1STFLOOR:PUMPROOM,Zone Ventilation Sensible Heat Gain Energy [J] !TimeStep
2207,1,1STFLOOR:PUMPROOM,Zone Ventilation Air Change Rate [ach] !TimeStep
2219,1,1STFLOOR:LOBBY,Zone Ventilation Sensible Heat Loss Energy [J] !TimeStep
2220,1,1STFLOOR:LOBBY,Zone Ventilation Sensible Heat Gain Energy [J] !TimeStep
2221,1,1STFLOOR:LOBBY,Zone Ventilation Air Change Rate [ach] !TimeStep
2233,1,1STFLOOR:PREPROOM,Zone Ventilation Sensible Heat Loss Energy [J] !TimeStep
2234,1,1STFLOOR:PREPROOM,Zone Ventilation Sensible Heat Gain Energy [J] !TimeStep
2235,1,1STFLOOR:PREPROOM,Zone Ventilation Air Change Rate [ach] !TimeStep
2247,1,1STFLOOR:KITCHEN,Zone Ventilation Sensible Heat Loss Energy [J] !TimeStep
2248,1,1STFLOOR:KITCHEN,Zone Ventilation Sensible Heat Gain Energy [J] !TimeStep
2249,1,1STFLOOR:KITCHEN,Zone Ventilation Air Change Rate [ach] !TimeStep
2261,1,1STFLOOR:VESTIBULE,Zone Ventilation Sensible Heat Loss Energy [J] !TimeStep
2262,1,1STFLOOR:VESTIBULE,Zone Ventilation Sensible Heat Gain Energy [J] !TimeStep
2263,1,1STFLOOR:VESTIBULE,Zone Ventilation Air Change Rate [ach] !TimeStep
2275,1,1STFLOOR:ELEC.,Zone Ventilation Sensible Heat Loss Energy [J] !TimeStep
2276,1,1STFLOOR:ELEC.,Zone Ventilation Sensible Heat Gain Energy [J] !TimeStep
2277,1,1STFLOOR:ELEC.,Zone Ventilation Air Change Rate [ach] !TimeStep
2289,1,1STFLOOR:JANITOR,Zone Ventilation Sensible Heat Loss Energy [J] !TimeStep
2290,1,1STFLOOR:JANITOR,Zone Ventilation Sensible Heat Gain Energy [J] !TimeStep
2291,1,1STFLOOR:JANITOR,Zone Ventilation Air Change Rate [ach] !TimeStep
2303,1,1STFLOOR:MEN%SRESTROOM,Zone Ventilation Sensible Heat Loss Energy [J] !TimeStep
2304,1,1STFLOOR:MEN%SRESTROOM,Zone Ventilation Sensible Heat Gain Energy [J] !TimeStep
2305,1,1STFLOOR:MEN%SRESTROOM,Zone Ventilation Air Change Rate [ach] !TimeStep
2317,1,1STFLOOR:LOBBY1,Zone Ventilation Sensible Heat Loss Energy [J] !TimeStep
2318,1,1STFLOOR:LOBBY1,Zone Ventilation Sensible Heat Gain Energy [J] !TimeStep
2319,1,1STFLOOR:LOBBY1,Zone Ventilation Air Change Rate [ach] !TimeStep
2331,1,1STFLOOR:STORAGE,Zone Ventilation Sensible Heat Loss Energy [J] !TimeStep
2332,1,1STFLOOR:STORAGE,Zone Ventilation Sensible Heat Gain Energy [J] !TimeStep
2333,1,1STFLOOR:STORAGE,Zone Ventilation Air Change Rate [ach] !TimeStep
2345,1,1STFLOOR:ELEV.CLOSET,Zone Ventilation Sensible Heat Loss Energy [J] !TimeStep
2346,1,1STFLOOR:ELEV.CLOSET,Zone Ventilation Sensible Heat Gain Energy [J] !TimeStep
2347,1,1STFLOOR:ELEV.CLOSET,Zone Ventilation Air Change Rate [ach] !TimeStep
2359,1,1STFLOOR:ELEVATOR,Zone Ventilation Sensible Heat Loss Energy [J] !TimeStep
2360,1,1STFLOOR:ELEVATOR,Zone Ventilation Sensible Heat Gain Energy [J] !TimeStep
2361,1,1STFLOOR:ELEVATOR,Zone Ventilation Air Change Rate [ach] !TimeStep
2373,1,1STFLOOR:OFFICE,Zone Ventilation Sensible Heat Loss Energy [J] !TimeStep
2374,1,1STFLOOR:OFFICE,Zone Ventilation Sensible Heat Gain Energy [J] !TimeStep
2375,1,1STFLOOR:OFFICE,Zone Ventilation Air Change Rate [ach] !TimeStep
2387,1,1STFLOOR:WOMEN%SRESTROOM,Zone Ventilation Sensible Heat Loss Energy [J] !TimeStep
2388,1,1STFLOOR:WOMEN%SRESTROOM,Zone Ventilation Sensible Heat Gain Energy [J] !TimeStep
2389,1,1STFLOOR:WOMEN%SRESTROOM,Zone Ventilation Air Change Rate [ach] !TimeStep
2401,1,1STFLOOR:CLASSROOM,Zone Ventilation Sensible Heat Loss Energy [J] !TimeStep
2402,1,1STFLOOR:CLASSROOM,Zone Ventilation Sensible Heat Gain Energy [J] !TimeStep
2403,1,1STFLOOR:CLASSROOM,Zone Ventilation Air Change Rate [ach] !TimeStep
2415,1,BLOCK2:STORGE,Zone Ventilation Sensible Heat Loss Energy [J] !TimeStep
2416,1,BLOCK2:STORGE,Zone Ventilation Sensible Heat Gain Energy [J] !TimeStep
2417,1,BLOCK2:STORGE,Zone Ventilation Air Change Rate [ach] !TimeStep
2429,1,BLOCK2:MAINAREA,Zone Ventilation Sensible Heat Loss Energy [J] !TimeStep
2430,1,BLOCK2:MAINAREA,Zone Ventilation Sensible Heat Gain Energy [J] !TimeStep
2431,1,BLOCK2:MAINAREA,Zone Ventilation Air Change Rate [ach] !TimeStep
2443,1,BLOCK2:AQUARIUM,Zone Ventilation Sensible Heat Loss Energy [J] !TimeStep
2444,1,BLOCK2:AQUARIUM,Zone Ventilation Sensible Heat Gain Energy [J] !TimeStep
2445,1,BLOCK2:AQUARIUM,Zone Ventilation Air Change Rate [ach] !TimeStep
2457,1,BLOCK2:ELEVATOR1,Zone Ventilation Sensible Heat Loss Energy [J] !TimeStep
2458,1,BLOCK2:ELEVATOR1,Zone Ventilation Sensible Heat Gain Energy [J] !TimeStep
2459,1,BLOCK2:ELEVATOR1,Zone Ventilation Air Change Rate [ach] !TimeStep
2471,1,BLOCK2:VESTIBULE,Zone Ventilation Sensible Heat Loss Energy [J] !TimeStep
2472,1,BLOCK2:VESTIBULE,Zone Ventilation Sensible Heat Gain Energy [J] !TimeStep
2473,1,BLOCK2:VESTIBULE,Zone Ventilation Air Change Rate [ach] !TimeStep
2485,1,BLOCK2:MECH.,Zone Ventilation Sensible Heat Loss Energy [J] !TimeStep
2486,1,BLOCK2:MECH.,Zone Ventilation Sensible Heat Gain Energy [J] !TimeStep
2487,1,BLOCK2:MECH.,Zone Ventilation Air Change Rate [ach] !TimeStep
2499,1,BLOCK2:THEATER,Zone Ventilation Sensible Heat Loss Energy [J] !TimeStep
2500,1,BLOCK2:THEATER,Zone Ventilation Sensible Heat Gain Energy [J] !TimeStep
2501,1,BLOCK2:THEATER,Zone Ventilation Air Change Rate [ach] !TimeStep
2513,1,BLOCK2:CLOSET,Zone Ventilation Sensible Heat Loss Energy [J] !TimeStep
2514,1,BLOCK2:CLOSET,Zone Ventilation Sensible Heat Gain Energy [J] !TimeStep
2515,1,BLOCK2:CLOSET,Zone Ventilation Air Change Rate [ach] !TimeStep
2527,1,BLOCK2:ZONE8,Zone Ventilation Sensible Heat Loss Energy [J] !TimeStep
2528,1,BLOCK2:ZONE8,Zone Ventilation Sensible Heat Gain Energy [J] !TimeStep
2529,1,BLOCK2:ZONE8,Zone Ventilation Air Change Rate [ach] !TimeStep
2541,1,BLOCK2:ELEVATOR,Zone Ventilation Sensible Heat Loss Energy [J] !TimeStep
2542,1,BLOCK2:ELEVATOR,Zone Ventilation Sensible Heat Gain Energy [J] !TimeStep
2543,1,BLOCK2:ELEVATOR,Zone Ventilation Air Change Rate [ach] !TimeStep
2555,1,BLOCK2:EQUIPTMENTRM.,Zone Ventilation Sensible Heat Loss Energy [J] !TimeStep
2556,1,BLOCK2:EQUIPTMENTRM.,Zone Ventilation Sensible Heat Gain Energy [J] !TimeStep
2557,1,BLOCK2:EQUIPTMENTRM.,Zone Ventilation Air Change Rate [ach] !TimeStep
2569,1,BLOCK1:MAINAREA,Zone Ventilation Sensible Heat Loss Energy [J] !TimeStep
2570,1,BLOCK1:MAINAREA,Zone Ventilation Sensible Heat Gain Energy [J] !TimeStep
2571,1,BLOCK1:MAINAREA,Zone Ventilation Air Change Rate [ach] !TimeStep
2655,1,1STFLOOR:STAIRS,Zone Air System Sensible Heating Rate [W] !TimeStep
2656,1,1STFLOOR:STAIRS,Zone Air System Sensible Cooling Rate [W] !TimeStep
2657,1,1STFLOOR:STAIRS,Zone Air Relative Humidity [%] !TimeStep,ON
2690,1,1STFLOOR:TRASHROOM,Zone Air System Sensible Heating Rate [W] !TimeStep
2691,1,1STFLOOR:TRASHROOM,Zone Air System Sensible Cooling Rate [W] !TimeStep
2692,1,1STFLOOR:TRASHROOM,Zone Air Relative Humidity [%] !TimeStep,ON
2725,1,1STFLOOR:STAFFRESTROOM,Zone Air System Sensible Heating Rate [W] !TimeStep
2726,1,1STFLOOR:STAFFRESTROOM,Zone Air System Sensible Cooling Rate [W] !TimeStep
2727,1,1STFLOOR:STAFFRESTROOM,Zone Air Relative Humidity [%] !TimeStep,ON
2760,1,1STFLOOR:OPENOFFICE,Zone Air System Sensible Heating Rate [W] !TimeStep
2761,1,1STFLOOR:OPENOFFICE,Zone Air System Sensible Cooling Rate [W] !TimeStep
2762,1,1STFLOOR:OPENOFFICE,Zone Air Relative Humidity [%] !TimeStep,ON
2795,1,1STFLOOR:OFFICE111,Zone Air System Sensible Heating Rate [W] !TimeStep
2796,1,1STFLOOR:OFFICE111,Zone Air System Sensible Cooling Rate [W] !TimeStep
2797,1,1STFLOOR:OFFICE111,Zone Air Relative Humidity [%] !TimeStep,ON
2830,1,1STFLOOR:TANK,Zone Air System Sensible Heating Rate [W] !TimeStep
2831,1,1STFLOOR:TANK,Zone Air System Sensible Cooling Rate [W] !TimeStep
2832,1,1STFLOOR:TANK,Zone Air Relative Humidity [%] !TimeStep,ON
2865,1,1STFLOOR:PUMPROOM,Zone Air System Sensible Heating Rate [W] !TimeStep
2866,1,1STFLOOR:PUMPROOM,Zone Air System Sensible Cooling Rate [W] !TimeStep
2867,1,1STFLOOR:PUMPROOM,Zone Air Relative Humidity [%] !TimeStep,ON
2900,1,1STFLOOR:LOBBY,Zone Air System Sensible Heating Rate [W] !TimeStep
2901,1,1STFLOOR:LOBBY,Zone Air System Sensible Cooling Rate [W] !TimeStep
2902,1,1STFLOOR:LOBBY,Zone Air Relative Humidity [%] !TimeStep,ON
2935,1,1STFLOOR:PREPROOM,Zone Air System Sensible Heating Rate [W] !TimeStep
2936,1,1STFLOOR:PREPROOM,Zone Air System Sensible Cooling Rate [W] !TimeStep
2937,1,1STFLOOR:PREPROOM,Zone Air Relative Humidity [%] !TimeStep,ON
2970,1,1STFLOOR:KITCHEN,Zone Air System Sensible Heating Rate [W] !TimeStep
2971,1,1STFLOOR:KITCHEN,Zone Air System Sensible Cooling Rate [W] !TimeStep
2972,1,1STFLOOR:KITCHEN,Zone Air Relative Humidity [%] !TimeStep,ON
3005,1,1STFLOOR:VESTIBULE,Zone Air System Sensible Heating Rate [W] !TimeStep
3006,1,1STFLOOR:VESTIBULE,Zone Air System Sensible Cooling Rate [W] !TimeStep
3007,1,1STFLOOR:VESTIBULE,Zone Air Relative Humidity [%] !TimeStep,ON
3040,1,1STFLOOR:ELEC.,Zone Air System Sensible Heating Rate [W] !TimeStep
3041,1,1STFLOOR:ELEC.,Zone Air System Sensible Cooling Rate [W] !TimeStep
3042,1,1STFLOOR:ELEC.,Zone Air Relative Humidity [%] !TimeStep,ON
3075,1,1STFLOOR:JANITOR,Zone Air System Sensible Heating Rate [W] !TimeStep
3076,1,1STFLOOR:JANITOR,Zone Air System Sensible Cooling Rate [W] !TimeStep
3077,1,1STFLOOR:JANITOR,Zone Air Relative Humidity [%] !TimeStep,ON
3110,1,1STFLOOR:MEN%SRESTROOM,Zone Air System Sensible Heating Rate [W] !TimeStep
3111,1,1STFLOOR:MEN%SRESTROOM,Zone Air System Sensible Cooling Rate [W] !TimeStep
3112,1,1STFLOOR:MEN%SRESTROOM,Zone Air Relative Humidity [%] !TimeStep,ON
3145,1,1STFLOOR:LOBBY1,Zone Air System Sensible Heating Rate [W] !TimeStep
3146,1,1STFLOOR:LOBBY1,Zone Air System Sensible Cooling Rate [W] !TimeStep
3147,1,1STFLOOR:LOBBY1,Zone Air Relative Humidity [%] !TimeStep,ON
3180,1,1STFLOOR:STORAGE,Zone Air System Sensible Heating Rate [W] !TimeStep
3181,1,1STFLOOR:STORAGE,Zone Air System Sensible Cooling Rate [W] !TimeStep
3182,1,1STFLOOR:STORAGE,Zone Air Relative Humidity [%] !TimeStep,ON
3215,1,1STFLOOR:ELEV.CLOSET,Zone Air System Sensible Heating Rate [W] !TimeStep
3216,1,1STFLOOR:ELEV.CLOSET,Zone Air System Sensible Cooling Rate [W] !TimeStep
3217,1,1STFLOOR:ELEV.CLOSET,Zone Air Relative Humidity [%] !TimeStep,ON
3250,1,1STFLOOR:ELEVATOR,Zone Air System Sensible Heating Rate [W] !TimeStep
3251,1,1STFLOOR:ELEVATOR,Zone Air System Sensible Cooling Rate [W] !TimeStep
3252,1,1STFLOOR:ELEVATOR,Zone Air Relative Humidity [%] !TimeStep,ON
3285,1,1STFLOOR:OFFICE,Zone Air System Sensible Heating Rate [W] !TimeStep
3286,1,1STFLOOR:OFFICE,Zone Air System Sensible Cooling Rate [W] !TimeStep
3287,1,1STFLOOR:OFFICE,Zone Air Relative Humidity [%] !TimeStep,ON
3320,1,1STFLOOR:WOMEN%SRESTROOM,Zone Air System Sensible Heating Rate [W] !TimeStep
3321,1,1STFLOOR:WOMEN%SRESTROOM,Zone Air System Sensible Cooling Rate [W] !TimeStep
3322,1,1STFLOOR:WOMEN%SRESTROOM,Zone Air Relative Humidity [%] !TimeStep,ON
3355,1,1STFLOOR:CLASSROOM,Zone Air System Sensible Heating Rate [W] !TimeStep
3356,1,1STFLOOR:CLASSROOM,Zone Air System Sensible Cooling Rate [W] !TimeStep
3357,1,1STFLOOR:CLASSROOM,Zone Air Relative Humidity [%] !TimeStep,ON
3390,1,BLOCK2:STORGE,Zone Air System Sensible Heating Rate [W] !TimeStep
3391,1,BLOCK2:STORGE,Zone Air System Sensible Cooling Rate [W] !TimeStep
3392,1,BLOCK2:STORGE,Zone Air Relative Humidity [%] !TimeStep,ON
3425,1,BLOCK2:MAINAREA,Zone Air System Sensible Heating Rate [W] !TimeStep
3426,1,BLOCK2:MAINAREA,Zone Air System Sensible Cooling Rate [W] !TimeStep
3427,1,BLOCK2:MAINAREA,Zone Air Relative Humidity [%] !TimeStep,ON
3460,1,BLOCK2:AQUARIUM,Zone Air System Sensible Heating Rate [W] !TimeStep
3461,1,BLOCK2:AQUARIUM,Zone Air System Sensible Cooling Rate [W] !TimeStep
3462,1,BLOCK2:AQUARIUM,Zone Air Relative Humidity [%] !TimeStep,ON
3495,1,BLOCK2:ELEVATOR1,Zone Air System Sensible Heating Rate [W] !TimeStep
3496,1,BLOCK2:ELEVATOR1,Zone Air System Sensible Cooling Rate [W] !TimeStep
3497,1,BLOCK2:ELEVATOR1,Zone Air Relative Humidity [%] !TimeStep,ON
3530,1,BLOCK2:VESTIBULE,Zone Air System Sensible Heating Rate [W] !TimeStep
3531,1,BLOCK2:VESTIBULE,Zone Air System Sensible Cooling Rate [W] !TimeStep
3532,1,BLOCK2:VESTIBULE,Zone Air Relative Humidity [%] !TimeStep,ON
3565,1,BLOCK2:MECH.,Zone Air System Sensible Heating Rate [W] !TimeStep
3566,1,BLOCK2:MECH.,Zone Air System Sensible Cooling Rate [W] !TimeStep
3567,1,BLOCK2:MECH.,Zone Air Relative Humidity [%] !TimeStep,ON
3600,1,BLOCK2:THEATER,Zone Air System Sensible Heating Rate [W] !TimeStep
3601,1,BLOCK2:THEATER,Zone Air System Sensible Cooling Rate [W] !TimeStep
3602,1,BLOCK2:THEATER,Zone Air Relative Humidity [%] !TimeStep,ON
3635,1,BLOCK2:CLOSET,Zone Air System Sensible Heating Rate [W] !TimeStep
3636,1,BLOCK2:CLOSET,Zone Air System Sensible Cooling Rate [W] !TimeStep
3637,1,BLOCK2:CLOSET,Zone Air Relative Humidity [%] !TimeStep,ON
3670,1,BLOCK2:ZONE8,Zone Air System Sensible Heating Rate [W] !TimeStep
3671,1,BLOCK2:ZONE8,Zone Air System Sensible Cooling Rate [W] !TimeStep
3672,1,BLOCK2:ZONE8,Zone Air Relative Humidity [%] !TimeStep,ON
3705,1,BLOCK2:ELEVATOR,Zone Air System Sensible Heating Rate [W] !TimeStep
3706,1,BLOCK2:ELEVATOR,Zone Air System Sensible Cooling Rate [W] !TimeStep
3707,1,BLOCK2:ELEVATOR,Zone Air Relative Humidity [%] !TimeStep,ON
3740,1,BLOCK2:EQUIPTMENTRM.,Zone Air System Sensible Heating Rate [W] !TimeStep
3741,1,BLOCK2:EQUIPTMENTRM.,Zone Air System Sensible Cooling Rate [W] !TimeStep
3742,1,BLOCK2:EQUIPTMENTRM.,Zone Air Relative Humidity [%] !TimeStep,ON
3775,1,BLOCK1:MAINAREA,Zone Air System Sensible Heating Rate [W] !TimeStep
3776,1,BLOCK1:MAINAREA,Zone Air System Sensible Cooling Rate [W] !TimeStep
3777,1,BLOCK1:MAINAREA,Zone Air Relative Humidity [%] !TimeStep,ON
3860,1,DHW 1STFLOOR:STAIRS,Water Use Equipment Heating Rate [W] !TimeStep
3924,1,DHW 1STFLOOR:TRASHROOM,Water Use Equipment Heating Rate [W] !TimeStep
3958,1,DHW 1STFLOOR:STAFFRESTROOM,Water Use Equipment Heating Rate [W] !TimeStep
3992,1,DHW 1STFLOOR:OPENOFFICE,Water Use Equipment Heating Rate [W] !TimeStep
4026,1,DHW 1STFLOOR:OFFICE111,Water Use Equipment Heating Rate [W] !TimeStep
4060,1,DHW 1STFLOOR:TANK,Water Use Equipment Heating Rate [W] !TimeStep
4094,1,DHW 1STFLOOR:PUMPROOM,Water Use Equipment Heating Rate [W] !TimeStep
4128,1,DHW 1STFLOOR:LOBBY,Water Use Equipment Heating Rate [W] !TimeStep
4162,1,DHW 1STFLOOR:PREPROOM,Water Use Equipment Heating Rate [W] !TimeStep
4196,1,DHW 1STFLOOR:KITCHEN,Water Use Equipment Heating Rate [W] !TimeStep
4230,1,DHW 1STFLOOR:VESTIBULE,Water Use Equipment Heating Rate [W] !TimeStep
4264,1,DHW 1STFLOOR:ELEC.,Water Use Equipment Heating Rate [W] !TimeStep
4298,1,DHW 1STFLOOR:JANITOR,Water Use Equipment Heating Rate [W] !TimeStep
4332,1,DHW 1STFLOOR:MEN%SRESTROOM,Water Use Equipment Heating Rate [W] !TimeStep
4366,1,DHW 1STFLOOR:LOBBY1,Water Use Equipment Heating Rate [W] !TimeStep
4400,1,DHW 1STFLOOR:STORAGE,Water Use Equipment Heating Rate [W] !TimeStep
4434,1,DHW 1STFLOOR:ELEV.CLOSET,Water Use Equipment Heating Rate [W] !TimeStep
4468,1,DHW 1STFLOOR:ELEVATOR,Water Use Equipment Heating Rate [W] !TimeStep
4502,1,DHW 1STFLOOR:OFFICE,Water Use Equipment Heating Rate [W] !TimeStep
4536,1,DHW 1STFLOOR:WOMEN%SRESTROOM,Water Use Equipment Heating Rate [W] !TimeStep
4570,1,DHW 1STFLOOR:CLASSROOM,Water Use Equipment Heating Rate [W] !TimeStep
4604,1,DHW BLOCK2:STORGE,Water Use Equipment Heating Rate [W] !TimeStep
4638,1,DHW BLOCK2:MAINAREA,Water Use Equipment Heating Rate [W] !TimeStep
4672,1,DHW BLOCK2:AQUARIUM,Water Use Equipment Heating Rate [W] !TimeStep
4706,1,DHW BLOCK2:ELEVATOR1,Water Use Equipment Heating Rate [W] !TimeStep
4740,1,DHW BLOCK2:VESTIBULE,Water Use Equipment Heating Rate [W] !TimeStep
4774,1,DHW BLOCK2:MECH.,Water Use Equipment Heating Rate [W] !TimeStep
4808,1,DHW BLOCK2:THEATER,Water Use Equipment Heating Rate [W] !TimeStep
4842,1,DHW BLOCK2:CLOSET,Water Use Equipment Heating Rate [W] !TimeStep
4876,1,DHW BLOCK2:ZONE8,Water Use Equipment Heating Rate [W] !TimeStep
4910,1,DHW BLOCK2:ELEVATOR,Water Use Equipment Heating Rate [W] !TimeStep
4944,1,DHW BLOCK2:EQUIPTMENTRM.,Water Use Equipment Heating Rate [W] !TimeStep
4978,1,DHW BLOCK1:MAINAREA,Water Use Equipment Heating Rate [W] !TimeStep
5135,1,1STFLOOR:STAIRS IDEAL LOADS AIR,Zone Ideal Loads Supply Air Sensible Heating Rate [W] !TimeStep
5136,1,1STFLOOR:STAIRS IDEAL LOADS AIR,Zone Ideal Loads Supply Air Total Heating Rate [W] !TimeStep
5137,1,1STFLOOR:STAIRS IDEAL LOADS AIR,Zone Ideal Loads Supply Air Sensible Cooling Rate [W] !TimeStep
5138,1,1STFLOOR:STAIRS IDEAL LOADS AIR,Zone Ideal Loads Supply Air Total Cooling Rate [W] !TimeStep
5139,1,1STFLOOR:STAIRS IDEAL LOADS AIR,Zone Ideal Loads Heat Recovery Sensible Heating Rate [W] !TimeStep
5140,1,1STFLOOR:STAIRS IDEAL LOADS AIR,Zone Ideal Loads Heat Recovery Total Heating Rate [W] !TimeStep
5141,1,1STFLOOR:STAIRS IDEAL LOADS AIR,Zone Ideal Loads Heat Recovery Sensible Cooling Rate [W] !TimeStep
5142,1,1STFLOOR:STAIRS IDEAL LOADS AIR,Zone Ideal Loads Heat Recovery Total Cooling Rate [W] !TimeStep
5145,1,1STFLOOR:TRASHROOM IDEAL LOADS AIR,Zone Ideal Loads Supply Air Sensible Heating Rate [W] !TimeStep
5146,1,1STFLOOR:TRASHROOM IDEAL LOADS AIR,Zone Ideal Loads Supply Air Total Heating Rate [W] !TimeStep
5147,1,1STFLOOR:TRASHROOM IDEAL LOADS AIR,Zone Ideal Loads Supply Air Sensible Cooling Rate [W] !TimeStep
5148,1,1STFLOOR:TRASHROOM IDEAL LOADS AIR,Zone Ideal Loads Supply Air Total Cooling Rate [W] !TimeStep
5149,1,1STFLOOR:TRASHROOM IDEAL LOADS AIR,Zone Ideal Loads Heat Recovery Sensible Heating Rate [W] !TimeStep
5150,1,1STFLOOR:TRASHROOM IDEAL LOADS AIR,Zone Ideal Loads Heat Recovery Total Heating Rate [W] !TimeStep
5151,1,1STFLOOR:TRASHROOM IDEAL LOADS AIR,Zone Ideal Loads Heat Recovery Sensible Cooling Rate [W] !TimeStep
5152,1,1STFLOOR:TRASHROOM IDEAL LOADS AIR,Zone Ideal Loads Heat Recovery Total Cooling Rate [W] !TimeStep
5155,1,1STFLOOR:STAFFRESTROOM IDEAL LOADS AIR,Zone Ideal Loads Supply Air Sensible Heating Rate [W] !TimeStep
5156,1,1STFLOOR:STAFFRESTROOM IDEAL LOADS AIR,Zone Ideal Loads Supply Air Total Heating Rate [W] !TimeStep
5157,1,1STFLOOR:STAFFRESTROOM IDEAL LOADS AIR,Zone Ideal Loads Supply Air Sensible Cooling Rate [W] !TimeStep
5158,1,1STFLOOR:STAFFRESTROOM IDEAL LOADS AIR,Zone Ideal Loads Supply Air Total Cooling Rate [W] !TimeStep
5159,1,1STFLOOR:STAFFRESTROOM IDEAL LOADS AIR,Zone Ideal Loads Heat Recovery Sensible Heating Rate [W] !TimeStep
5160,1,1STFLOOR:STAFFRESTROOM IDEAL LOADS AIR,Zone Ideal Loads Heat Recovery Total Heating Rate [W] !TimeStep
5161,1,1STFLOOR:STAFFRESTROOM IDEAL LOADS AIR,Zone Ideal Loads Heat Recovery Sensible Cooling Rate [W] !TimeStep
5162,1,1STFLOOR:STAFFRESTROOM IDEAL LOADS AIR,Zone Ideal Loads Heat Recovery Total Cooling Rate [W] !TimeStep
5165,1,1STFLOOR:OPENOFFICE IDEAL LOADS AIR,Zone Ideal Loads Supply Air Sensible Heating Rate [W] !TimeStep
5166,1,1STFLOOR:OPENOFFICE IDEAL LOADS AIR,Zone Ideal Loads Supply Air Total Heating Rate [W] !TimeStep
5167,1,1STFLOOR:OPENOFFICE IDEAL LOADS AIR,Zone Ideal Loads Supply Air Sensible Cooling Rate [W] !TimeStep
5168,1,1STFLOOR:OPENOFFICE IDEAL LOADS AIR,Zone Ideal Loads Supply Air Total Cooling Rate [W] !TimeStep
5169,1,1STFLOOR:OPENOFFICE IDEAL LOADS AIR,Zone Ideal Loads Heat Recovery Sensible Heating Rate [W] !TimeStep
5170,1,1STFLOOR:OPENOFFICE IDEAL LOADS AIR,Zone Ideal Loads Heat Recovery Total Heating Rate [W] !TimeStep
5171,1,1STFLOOR:OPENOFFICE IDEAL LOADS AIR,Zone Ideal Loads Heat Recovery Sensible Cooling Rate [W] !TimeStep
5172,1,1STFLOOR:OPENOFFICE IDEAL LOADS AIR,Zone Ideal Loads Heat Recovery Total Cooling Rate [W] !TimeStep
5175,1,1STFLOOR:OFFICE111 IDEAL LOADS AIR,Zone Ideal Loads Supply Air Sensible Heating Rate [W] !TimeStep
5176,1,1STFLOOR:OFFICE111 IDEAL LOADS AIR,Zone Ideal Loads Supply Air Total Heating Rate [W] !TimeStep
5177,1,1STFLOOR:OFFICE111 IDEAL LOADS AIR,Zone Ideal Loads Supply Air Sensible Cooling Rate [W] !TimeStep
5178,1,1STFLOOR:OFFICE111 IDEAL LOADS AIR,Zone Ideal Loads Supply Air Total Cooling Rate [W] !TimeStep
5179,1,1STFLOOR:OFFICE111 IDEAL LOADS AIR,Zone Ideal Loads Heat Recovery Sensible Heating Rate [W] !TimeStep
5180,1,1STFLOOR:OFFICE111 IDEAL LOADS AIR,Zone Ideal Loads Heat Recovery Total Heating Rate [W] !TimeStep
5181,1,1STFLOOR:OFFICE111 IDEAL LOADS AIR,Zone Ideal Loads Heat Recovery Sensible Cooling Rate [W] !TimeStep
5182,1,1STFLOOR:OFFICE111 IDEAL LOADS AIR,Zone Ideal Loads Heat Recovery Total Cooling Rate [W] !TimeStep
5185,1,1STFLOOR:TANK IDEAL LOADS AIR,Zone Ideal Loads Supply Air Sensible Heating Rate [W] !TimeStep
5186,1,1STFLOOR:TANK IDEAL LOADS AIR,Zone Ideal Loads Supply Air Total Heating Rate [W] !TimeStep
5187,1,1STFLOOR:TANK IDEAL LOADS AIR,Zone Ideal Loads Supply Air Sensible Cooling Rate [W] !TimeStep
5188,1,1STFLOOR:TANK IDEAL LOADS AIR,Zone Ideal Loads Supply Air Total Cooling Rate [W] !TimeStep
5189,1,1STFLOOR:TANK IDEAL LOADS AIR,Zone Ideal Loads Heat Recovery Sensible Heating Rate [W] !TimeStep
5190,1,1STFLOOR:TANK IDEAL LOADS AIR,Zone Ideal Loads Heat Recovery Total Heating Rate [W] !TimeStep
5191,1,1STFLOOR:TANK IDEAL LOADS AIR,Zone Ideal Loads Heat Recovery Sensible Cooling Rate [W] !TimeStep
5192,1,1STFLOOR:TANK IDEAL LOADS AIR,Zone Ideal Loads Heat Recovery Total Cooling Rate [W] !TimeStep
5195,1,1STFLOOR:PUMPROOM IDEAL LOADS AIR,Zone Ideal Loads Supply Air Sensible Heating Rate [W] !TimeStep
5196,1,1STFLOOR:PUMPROOM IDEAL LOADS AIR,Zone Ideal Loads Supply Air Total Heating Rate [W] !TimeStep
5197,1,1STFLOOR:PUMPROOM IDEAL LOADS AIR,Zone Ideal Loads Supply Air Sensible Cooling Rate [W] !TimeStep
5198,1,1STFLOOR:PUMPROOM IDEAL LOADS AIR,Zone Ideal Loads Supply Air Total Cooling Rate [W] !TimeStep
5199,1,1STFLOOR:PUMPROOM IDEAL LOADS AIR,Zone Ideal Loads Heat Recovery Sensible Heating Rate [W] !TimeStep
5200,1,1STFLOOR:PUMPROOM IDEAL LOADS AIR,Zone Ideal Loads Heat Recovery Total Heating Rate [W] !TimeStep
5201,1,1STFLOOR:PUMPROOM IDEAL LOADS AIR,Zone Ideal Loads Heat Recovery Sensible Cooling Rate [W] !TimeStep
5202,1,1STFLOOR:PUMPROOM IDEAL LOADS AIR,Zone Ideal Loads Heat Recovery Total Cooling Rate [W] !TimeStep
5205,1,1STFLOOR:LOBBY IDEAL LOADS AIR,Zone Ideal Loads Supply Air Sensible Heating Rate [W] !TimeStep
5206,1,1STFLOOR:LOBBY IDEAL LOADS AIR,Zone Ideal Loads Supply Air Total Heating Rate [W] !TimeStep
5207,1,1STFLOOR:LOBBY IDEAL LOADS AIR,Zone Ideal Loads Supply Air Sensible Cooling Rate [W] !TimeStep
5208,1,1STFLOOR:LOBBY IDEAL LOADS AIR,Zone Ideal Loads Supply Air Total Cooling Rate [W] !TimeStep
5209,1,1STFLOOR:LOBBY IDEAL LOADS AIR,Zone Ideal Loads Heat Recovery Sensible Heating Rate [W] !TimeStep
5210,1,1STFLOOR:LOBBY IDEAL LOADS AIR,Zone Ideal Loads Heat Recovery Total Heating Rate [W] !TimeStep
5211,1,1STFLOOR:LOBBY IDEAL LOADS AIR,Zone Ideal Loads Heat Recovery Sensible Cooling Rate [W] !TimeStep
5212,1,1STFLOOR:LOBBY IDEAL LOADS AIR,Zone Ideal Loads Heat Recovery Total Cooling Rate [W] !TimeStep
5215,1,1STFLOOR:PREPROOM IDEAL LOADS AIR,Zone Ideal Loads Supply Air Sensible Heating Rate [W] !TimeStep
5216,1,1STFLOOR:PREPROOM IDEAL LOADS AIR,Zone Ideal Loads Supply Air Total Heating Rate [W] !TimeStep
5217,1,1STFLOOR:PREPROOM IDEAL LOADS AIR,Zone Ideal Loads Supply Air Sensible Cooling Rate [W] !TimeStep
5218,1,1STFLOOR:PREPROOM IDEAL LOADS AIR,Zone Ideal Loads Supply Air Total Cooling Rate [W] !TimeStep
5219,1,1STFLOOR:PREPROOM IDEAL LOADS AIR,Zone Ideal Loads Heat Recovery Sensible Heating Rate [W] !TimeStep
5220,1,1STFLOOR:PREPROOM IDEAL LOADS AIR,Zone Ideal Loads Heat Recovery Total Heating Rate [W] !TimeStep
5221,1,1STFLOOR:PREPROOM IDEAL LOADS AIR,Zone Ideal Loads Heat Recovery Sensible Cooling Rate [W] !TimeStep
5222,1,1STFLOOR:PREPROOM IDEAL LOADS AIR,Zone Ideal Loads Heat Recovery Total Cooling Rate [W] !TimeStep
5225,1,1STFLOOR:KITCHEN IDEAL LOADS AIR,Zone Ideal Loads Supply Air Sensible Heating Rate [W] !TimeStep
5226,1,1STFLOOR:KITCHEN IDEAL LOADS AIR,Zone Ideal Loads Supply Air Total Heating Rate [W] !TimeStep
5227,1,1STFLOOR:KITCHEN IDEAL LOADS AIR,Zone Ideal Loads Supply Air Sensible Cooling Rate [W] !TimeStep
5228,1,1STFLOOR:KITCHEN IDEAL LOADS AIR,Zone Ideal Loads Supply Air Total Cooling Rate [W] !TimeStep
5229,1,1STFLOOR:KITCHEN IDEAL LOADS AIR,Zone Ideal Loads Heat Recovery Sensible Heating Rate [W] !TimeStep
5230,1,1STFLOOR:KITCHEN IDEAL LOADS AIR,Zone Ideal Loads Heat Recovery Total Heating Rate [W] !TimeStep
5231,1,1STFLOOR:KITCHEN IDEAL LOADS AIR,Zone Ideal Loads Heat Recovery Sensible Cooling Rate [W] !TimeStep
5232,1,1STFLOOR:KITCHEN IDEAL LOADS AIR,Zone Ideal Loads Heat Recovery Total Cooling Rate [W] !TimeStep
5235,1,1STFLOOR:VESTIBULE IDEAL LOADS AIR,Zone Ideal Loads Supply Air Sensible Heating Rate [W] !TimeStep
5236,1,1STFLOOR:VESTIBULE IDEAL LOADS AIR,Zone Ideal Loads Supply Air Total Heating Rate [W] !TimeStep
5237,1,1STFLOOR:VESTIBULE IDEAL LOADS AIR,Zone Ideal Loads Supply Air Sensible Cooling Rate [W] !TimeStep
5238,1,1STFLOOR:VESTIBULE IDEAL LOADS AIR,Zone Ideal Loads Supply Air Total Cooling Rate [W] !TimeStep
5239,1,1STFLOOR:VESTIBULE IDEAL LOADS AIR,Zone Ideal Loads Heat Recovery Sensible Heating Rate [W] !TimeStep
5240,1,1STFLOOR:VESTIBULE IDEAL LOADS AIR,Zone Ideal Loads Heat Recovery Total Heating Rate [W] !TimeStep
5241,1,1STFLOOR:VESTIBULE IDEAL LOADS AIR,Zone Ideal Loads Heat Recovery Sensible Cooling Rate [W] !TimeStep
5242,1,1STFLOOR:VESTIBULE IDEAL LOADS AIR,Zone Ideal Loads Heat Recovery Total Cooling Rate [W] !TimeStep
5245,1,1STFLOOR:ELEC. IDEAL LOADS AIR,Zone Ideal Loads Supply Air Sensible Heating Rate [W] !TimeStep
5246,1,1STFLOOR:ELEC. IDEAL LOADS AIR,Zone Ideal Loads Supply Air Total Heating Rate [W] !TimeStep
5247,1,1STFLOOR:ELEC. IDEAL LOADS AIR,Zone Ideal Loads Supply Air Sensible Cooling Rate [W] !TimeStep
5248,1,1STFLOOR:ELEC. IDEAL LOADS AIR,Zone Ideal Loads Supply Air Total Cooling Rate [W] !TimeStep
5249,1,1STFLOOR:ELEC. IDEAL LOADS AIR,Zone Ideal Loads Heat Recovery Sensible Heating Rate [W] !TimeStep
5250,1,1STFLOOR:ELEC. IDEAL LOADS AIR,Zone Ideal Loads Heat Recovery Total Heating Rate [W] !TimeStep
5251,1,1STFLOOR:ELEC. IDEAL LOADS AIR,Zone Ideal Loads Heat Recovery Sensible Cooling Rate [W] !TimeStep
5252,1,1STFLOOR:ELEC. IDEAL LOADS AIR,Zone Ideal Loads Heat Recovery Total Cooling Rate [W] !TimeStep
5255,1,1STFLOOR:JANITOR IDEAL LOADS AIR,Zone Ideal Loads Supply Air Sensible Heating Rate [W] !TimeStep
5256,1,1STFLOOR:JANITOR IDEAL LOADS AIR,Zone Ideal Loads Supply Air Total Heating Rate [W] !TimeStep
5257,1,1STFLOOR:JANITOR IDEAL LOADS AIR,Zone Ideal Loads Supply Air Sensible Cooling Rate [W] !TimeStep
5258,1,1STFLOOR:JANITOR IDEAL LOADS AIR,Zone Ideal Loads Supply Air Total Cooling Rate [W] !TimeStep
5259,1,1STFLOOR:JANITOR IDEAL LOADS AIR,Zone Ideal Loads Heat Recovery Sensible Heating Rate [W] !TimeStep
5260,1,1STFLOOR:JANITOR IDEAL LOADS AIR,Zone Ideal Loads Heat Recovery Total Heating Rate [W] !TimeStep
5261,1,1STFLOOR:JANITOR IDEAL LOADS AIR,Zone Ideal Loads Heat Recovery Sensible Cooling Rate [W] !TimeStep
5262,1,1STFLOOR:JANITOR IDEAL LOADS AIR,Zone Ideal Loads Heat Recovery Total Cooling Rate [W] !TimeStep
5265,1,1STFLOOR:MEN%SRESTROOM IDEAL LOADS AIR,Zone Ideal Loads Supply Air Sensible Heating Rate [W] !TimeStep
5266,1,1STFLOOR:MEN%SRESTROOM IDEAL LOADS AIR,Zone Ideal Loads Supply Air Total Heating Rate [W] !TimeStep
5267,1,1STFLOOR:MEN%SRESTROOM IDEAL LOADS AIR,Zone Ideal Loads Supply Air Sensible Cooling Rate [W] !TimeStep
5268,1,1STFLOOR:MEN%SRESTROOM IDEAL LOADS AIR,Zone Ideal Loads Supply Air Total Cooling Rate [W] !TimeStep
5269,1,1STFLOOR:MEN%SRESTROOM IDEAL LOADS AIR,Zone Ideal Loads Heat Recovery Sensible Heating Rate [W] !TimeStep
5270,1,1STFLOOR:MEN%SRESTROOM IDEAL LOADS AIR,Zone Ideal Loads Heat Recovery Total Heating Rate [W] !TimeStep
5271,1,1STFLOOR:MEN%SRESTROOM IDEAL LOADS AIR,Zone Ideal Loads Heat Recovery Sensible Cooling Rate [W] !TimeStep
5272,1,1STFLOOR:MEN%SRESTROOM IDEAL LOADS AIR,Zone Ideal Loads Heat Recovery Total Cooling Rate [W] !TimeStep
5275,1,1STFLOOR:LOBBY1 IDEAL LOADS AIR,Zone Ideal Loads Supply Air Sensible Heating Rate [W] !TimeStep
5276,1,1STFLOOR:LOBBY1 IDEAL LOADS AIR,Zone Ideal Loads Supply Air Total Heating Rate [W] !TimeStep
5277,1,1STFLOOR:LOBBY1 IDEAL LOADS AIR,Zone Ideal Loads Supply Air Sensible Cooling Rate [W] !TimeStep
5278,1,1STFLOOR:LOBBY1 IDEAL LOADS AIR,Zone Ideal Loads Supply Air Total Cooling Rate [W] !TimeStep
5279,1,1STFLOOR:LOBBY1 IDEAL LOADS AIR,Zone Ideal Loads Heat Recovery Sensible Heating Rate [W] !TimeStep
5280,1,1STFLOOR:LOBBY1 IDEAL LOADS AIR,Zone Ideal Loads Heat Recovery Total Heating Rate [W] !TimeStep
5281,1,1STFLOOR:LOBBY1 IDEAL LOADS AIR,Zone Ideal Loads Heat Recovery Sensible Cooling Rate [W] !TimeStep
5282,1,1STFLOOR:LOBBY1 IDEAL LOADS AIR,Zone Ideal Loads Heat Recovery Total Cooling Rate [W] !TimeStep
5285,1,1STFLOOR:STORAGE IDEAL LOADS AIR,Zone Ideal Loads Supply Air Sensible Heating Rate [W] !TimeStep
5286,1,1STFLOOR:STORAGE IDEAL LOADS AIR,Zone Ideal Loads Supply Air Total Heating Rate [W] !TimeStep
5287,1,1STFLOOR:STORAGE IDEAL LOADS AIR,Zone Ideal Loads Supply Air Sensible Cooling Rate [W] !TimeStep
5288,1,1STFLOOR:STORAGE IDEAL LOADS AIR,Zone Ideal Loads Supply Air Total Cooling Rate [W] !TimeStep
5289,1,1STFLOOR:STORAGE IDEAL LOADS AIR,Zone Ideal Loads Heat Recovery Sensible Heating Rate [W] !TimeStep
5290,1,1STFLOOR:STORAGE IDEAL LOADS AIR,Zone Ideal Loads Heat Recovery Total Heating Rate [W] !TimeStep
5291,1,1STFLOOR:STORAGE IDEAL LOADS AIR,Zone Ideal Loads Heat Recovery Sensible Cooling Rate [W] !TimeStep
5292,1,1STFLOOR:STORAGE IDEAL LOADS AIR,Zone Ideal Loads Heat Recovery Total Cooling Rate [W] !TimeStep
5295,1,1STFLOOR:ELEV.CLOSET IDEAL LOADS AIR,Zone Ideal Loads Supply Air Sensible Heating Rate [W] !TimeStep
5296,1,1STFLOOR:ELEV.CLOSET IDEAL LOADS AIR,Zone Ideal Loads Supply Air Total Heating Rate [W] !TimeStep
5297,1,1STFLOOR:ELEV.CLOSET IDEAL LOADS AIR,Zone Ideal Loads Supply Air Sensible Cooling Rate [W] !TimeStep
5298,1,1STFLOOR:ELEV.CLOSET IDEAL LOADS AIR,Zone Ideal Loads Supply Air Total Cooling Rate [W] !TimeStep
5299,1,1STFLOOR:ELEV.CLOSET IDEAL LOADS AIR,Zone Ideal Loads Heat Recovery Sensible Heating Rate [W] !TimeStep
5300,1,1STFLOOR:ELEV.CLOSET IDEAL LOADS AIR,Zone Ideal Loads Heat Recovery Total Heating Rate [W] !TimeStep
5301,1,1STFLOOR:ELEV.CLOSET IDEAL LOADS AIR,Zone Ideal Loads Heat Recovery Sensible Cooling Rate [W] !TimeStep
5302,1,1STFLOOR:ELEV.CLOSET IDEAL LOADS AIR,Zone Ideal Loads Heat Recovery Total Cooling Rate [W] !TimeStep
5305,1,1STFLOOR:ELEVATOR IDEAL LOADS AIR,Zone Ideal Loads Supply Air Sensible Heating Rate [W] !TimeStep
5306,1,1STFLOOR:ELEVATOR IDEAL LOADS AIR,Zone Ideal Loads Supply Air Total Heating Rate [W] !TimeStep
5307,1,1STFLOOR:ELEVATOR IDEAL LOADS AIR,Zone Ideal Loads Supply Air Sensible Cooling Rate [W] !TimeStep
5308,1,1STFLOOR:ELEVATOR IDEAL LOADS AIR,Zone Ideal Loads Supply Air Total Cooling Rate [W] !TimeStep
5309,1,1STFLOOR:ELEVATOR IDEAL LOADS AIR,Zone Ideal Loads Heat Recovery Sensible Heating Rate [W] !TimeStep
5310,1,1STFLOOR:ELEVATOR IDEAL LOADS AIR,Zone Ideal Loads Heat Recovery Total Heating Rate [W] !TimeStep
5311,1,1STFLOOR:ELEVATOR IDEAL LOADS AIR,Zone Ideal Loads Heat Recovery Sensible Cooling Rate [W] !TimeStep
5312,1,1STFLOOR:ELEVATOR IDEAL LOADS AIR,Zone Ideal Loads Heat Recovery Total Cooling Rate [W] !TimeStep
5315,1,1STFLOOR:OFFICE IDEAL LOADS AIR,Zone Ideal Loads Supply Air Sensible Heating Rate [W] !TimeStep
5316,1,1STFLOOR:OFFICE IDEAL LOADS AIR,Zone Ideal Loads Supply Air Total Heating Rate [W] !TimeStep
5317,1,1STFLOOR:OFFICE IDEAL LOADS AIR,Zone Ideal Loads Supply Air Sensible Cooling Rate [W] !TimeStep
5318,1,1STFLOOR:OFFICE IDEAL LOADS AIR,Zone Ideal Loads Supply Air Total Cooling Rate [W] !TimeStep
5319,1,1STFLOOR:OFFICE IDEAL LOADS AIR,Zone Ideal Loads Heat Recovery Sensible Heating Rate [W] !TimeStep
5320,1,1STFLOOR:OFFICE IDEAL LOADS AIR,Zone Ideal Loads Heat Recovery Total Heating Rate [W] !TimeStep
5321,1,1STFLOOR:OFFICE IDEAL LOADS AIR,Zone Ideal Loads Heat Recovery Sensible Cooling Rate [W] !TimeStep
5322,1,1STFLOOR:OFFICE IDEAL LOADS AIR,Zone Ideal Loads Heat Recovery Total Cooling Rate [W] !TimeStep
5325,1,1STFLOOR:WOMEN%SRESTROOM IDEAL LOADS AIR,Zone Ideal Loads Supply Air Sensible Heating Rate [W] !TimeStep
5326,1,1STFLOOR:WOMEN%SRESTROOM IDEAL LOADS AIR,Zone Ideal Loads Supply Air Total Heating Rate [W] !TimeStep
5327,1,1STFLOOR:WOMEN%SRESTROOM IDEAL LOADS AIR,Zone Ideal Loads Supply Air Sensible Cooling Rate [W] !TimeStep
5328,1,1STFLOOR:WOMEN%SRESTROOM IDEAL LOADS AIR,Zone Ideal Loads Supply Air Total Cooling Rate [W] !TimeStep
5329,1,1STFLOOR:WOMEN%SRESTROOM IDEAL LOADS AIR,Zone Ideal Loads Heat Recovery Sensible Heating Rate [W] !TimeStep
5330,1,1STFLOOR:WOMEN%SRESTROOM IDEAL LOADS AIR,Zone Ideal Loads Heat Recovery Total Heating Rate [W] !TimeStep
5331,1,1STFLOOR:WOMEN%SRESTROOM IDEAL LOADS AIR,Zone Ideal Loads Heat Recovery Sensible Cooling Rate [W] !TimeStep
5332,1,1STFLOOR:WOMEN%SRESTROOM IDEAL LOADS AIR,Zone Ideal Loads Heat Recovery Total Cooling Rate [W] !TimeStep
5335,1,1STFLOOR:CLASSROOM IDEAL LOADS AIR,Zone Ideal Loads Supply Air Sensible Heating Rate [W] !TimeStep
5336,1,1STFLOOR:CLASSROOM IDEAL LOADS AIR,Zone Ideal Loads Supply Air Total Heating Rate [W] !TimeStep
5337,1,1STFLOOR:CLASSROOM IDEAL LOADS AIR,Zone Ideal Loads Supply Air Sensible Cooling Rate [W] !TimeStep
5338,1,1STFLOOR:CLASSROOM IDEAL LOADS AIR,Zone Ideal Loads Supply Air Total Cooling Rate [W] !TimeStep
5339,1,1STFLOOR:CLASSROOM IDEAL LOADS AIR,Zone Ideal Loads Heat Recovery Sensible Heating Rate [W] !TimeStep
5340,1,1STFLOOR:CLASSROOM IDEAL LOADS AIR,Zone Ideal Loads Heat Recovery Total Heating Rate [W] !TimeStep
5341,1,1STFLOOR:CLASSROOM IDEAL LOADS AIR,Zone Ideal Loads Heat Recovery Sensible Cooling Rate [W] !TimeStep
5342,1,1STFLOOR:CLASSROOM IDEAL LOADS AIR,Zone Ideal Loads Heat Recovery Total Cooling Rate [W] !TimeStep
5345,1,BLOCK2:STORGE IDEAL LOADS AIR,Zone Ideal Loads Supply Air Sensible Heating Rate [W] !TimeStep
5346,1,BLOCK2:STORGE IDEAL LOADS AIR,Zone Ideal Loads Supply Air Total Heating Rate [W] !TimeStep
5347,1,BLOCK2:STORGE IDEAL LOADS AIR,Zone Ideal Loads Supply Air Sensible Cooling Rate [W] !TimeStep
5348,1,BLOCK2:STORGE IDEAL LOADS AIR,Zone Ideal Loads Supply Air Total Cooling Rate [W] !TimeStep
5349,1,BLOCK2:STORGE IDEAL LOADS AIR,Zone Ideal Loads Heat Recovery Sensible Heating Rate [W] !TimeStep
5350,1,BLOCK2:STORGE IDEAL LOADS AIR,Zone Ideal Loads Heat Recovery Total Heating Rate [W] !TimeStep
5351,1,BLOCK2:STORGE IDEAL LOADS AIR,Zone Ideal Loads Heat Recovery Sensible Cooling Rate [W] !TimeStep
5352,1,BLOCK2:STORGE IDEAL LOADS AIR,Zone Ideal Loads Heat Recovery Total Cooling Rate [W] !TimeStep
5355,1,BLOCK2:MAINAREA IDEAL LOADS AIR,Zone Ideal Loads Supply Air Sensible Heating Rate [W] !TimeStep
5356,1,BLOCK2:MAINAREA IDEAL LOADS AIR,Zone Ideal Loads Supply Air Total Heating Rate [W] !TimeStep
5357,1,BLOCK2:MAINAREA IDEAL LOADS AIR,Zone Ideal Loads Supply Air Sensible Cooling Rate [W] !TimeStep
5358,1,BLOCK2:MAINAREA IDEAL LOADS AIR,Zone Ideal Loads Supply Air Total Cooling Rate [W] !TimeStep
5359,1,BLOCK2:MAINAREA IDEAL LOADS AIR,Zone Ideal Loads Heat Recovery Sensible Heating Rate [W] !TimeStep
5360,1,BLOCK2:MAINAREA IDEAL LOADS AIR,Zone Ideal Loads Heat Recovery Total Heating Rate [W] !TimeStep
5361,1,BLOCK2:MAINAREA IDEAL LOADS AIR,Zone Ideal Loads Heat Recovery Sensible Cooling Rate [W] !TimeStep
5362,1,BLOCK2:MAINAREA IDEAL LOADS AIR,Zone Ideal Loads Heat Recovery Total Cooling Rate [W] !TimeStep
5365,1,BLOCK2:AQUARIUM IDEAL LOADS AIR,Zone Ideal Loads Supply Air Sensible Heating Rate [W] !TimeStep
5366,1,BLOCK2:AQUARIUM IDEAL LOADS AIR,Zone Ideal Loads Supply Air Total Heating Rate [W] !TimeStep
5367,1,BLOCK2:AQUARIUM IDEAL LOADS AIR,Zone Ideal Loads Supply Air Sensible Cooling Rate [W] !TimeStep
5368,1,BLOCK2:AQUARIUM IDEAL LOADS AIR,Zone Ideal Loads Supply Air Total Cooling Rate [W] !TimeStep
5369,1,BLOCK2:AQUARIUM IDEAL LOADS AIR,Zone Ideal Loads Heat Recovery Sensible Heating Rate [W] !TimeStep
5370,1,BLOCK2:AQUARIUM IDEAL LOADS AIR,Zone Ideal Loads Heat Recovery Total Heating Rate [W] !TimeStep
5371,1,BLOCK2:AQUARIUM IDEAL LOADS AIR,Zone Ideal Loads Heat Recovery Sensible Cooling Rate [W] !TimeStep
5372,1,BLOCK2:AQUARIUM IDEAL LOADS AIR,Zone Ideal Loads Heat Recovery Total Cooling Rate [W] !TimeStep
5375,1,BLOCK2:ELEVATOR1 IDEAL LOADS AIR,Zone Ideal Loads Supply Air Sensible Heating Rate [W] !TimeStep
5376,1,BLOCK2:ELEVATOR1 IDEAL LOADS AIR,Zone Ideal Loads Supply Air Total Heating Rate [W] !TimeStep
5377,1,BLOCK2:ELEVATOR1 IDEAL LOADS AIR,Zone Ideal Loads Supply Air Sensible Cooling Rate [W] !TimeStep
5378,1,BLOCK2:ELEVATOR1 IDEAL LOADS AIR,Zone Ideal Loads Supply Air Total Cooling Rate [W] !TimeStep
5379,1,BLOCK2:ELEVATOR1 IDEAL LOADS AIR,Zone Ideal Loads Heat Recovery Sensible Heating Rate [W] !TimeStep
5380,1,BLOCK2:ELEVATOR1 IDEAL LOADS AIR,Zone Ideal Loads Heat Recovery Total Heating Rate [W] !TimeStep
5381,1,BLOCK2:ELEVATOR1 IDEAL LOADS AIR,Zone Ideal Loads Heat Recovery Sensible Cooling Rate [W] !TimeStep
5382,1,BLOCK2:ELEVATOR1 IDEAL LOADS AIR,Zone Ideal Loads Heat Recovery Total Cooling Rate [W] !TimeStep
5385,1,BLOCK2:VESTIBULE IDEAL LOADS AIR,Zone Ideal Loads Supply Air Sensible Heating Rate [W] !TimeStep
5386,1,BLOCK2:VESTIBULE IDEAL LOADS AIR,Zone Ideal Loads Supply Air Total Heating Rate [W] !TimeStep
5387,1,BLOCK2:VESTIBULE IDEAL LOADS AIR,Zone Ideal Loads Supply Air Sensible Cooling Rate [W] !TimeStep
5388,1,BLOCK2:VESTIBULE IDEAL LOADS AIR,Zone Ideal Loads Supply Air Total Cooling Rate [W] !TimeStep
5389,1,BLOCK2:VESTIBULE IDEAL LOADS AIR,Zone Ideal Loads Heat Recovery Sensible Heating Rate [W] !TimeStep
5390,1,BLOCK2:VESTIBULE IDEAL LOADS AIR,Zone Ideal Loads Heat Recovery Total Heating Rate [W] !TimeStep
5391,1,BLOCK2:VESTIBULE IDEAL LOADS AIR,Zone Ideal Loads Heat Recovery Sensible Cooling Rate [W] !TimeStep
5392,1,BLOCK2:VESTIBULE IDEAL LOADS AIR,Zone Ideal Loads Heat Recovery Total Cooling Rate [W] !TimeStep
5395,1,BLOCK2:MECH. IDEAL LOADS AIR,Zone Ideal Loads Supply Air Sensible Heating Rate [W] !TimeStep
5396,1,BLOCK2:MECH. IDEAL LOADS AIR,Zone Ideal Loads Supply Air Total Heating Rate [W] !TimeStep
5397,1,BLOCK2:MECH. IDEAL LOADS AIR,Zone Ideal Loads Supply Air Sensible Cooling Rate [W] !TimeStep
5398,1,BLOCK2:MECH. IDEAL LOADS AIR,Zone Ideal Loads Supply Air Total Cooling Rate [W] !TimeStep
5399,1,BLOCK2:MECH. IDEAL LOADS AIR,Zone Ideal Loads Heat Recovery Sensible Heating Rate [W] !TimeStep
5400,1,BLOCK2:MECH. IDEAL LOADS AIR,Zone Ideal Loads Heat Recovery Total Heating Rate [W] !TimeStep
5401,1,BLOCK2:MECH. IDEAL LOADS AIR,Zone Ideal Loads Heat Recovery Sensible Cooling Rate [W] !TimeStep
5402,1,BLOCK2:MECH. IDEAL LOADS AIR,Zone Ideal Loads Heat Recovery Total Cooling Rate [W] !TimeStep
5405,1,BLOCK2:THEATER IDEAL LOADS AIR,Zone Ideal Loads Supply Air Sensible Heating Rate [W] !TimeStep
5406,1,BLOCK2:THEATER IDEAL LOADS AIR,Zone Ideal Loads Supply Air Total Heating Rate [W] !TimeStep
5407,1,BLOCK2:THEATER IDEAL LOADS AIR,Zone Ideal Loads Supply Air Sensible Cooling Rate [W] !TimeStep
5408,1,BLOCK2:THEATER IDEAL LOADS AIR,Zone Ideal Loads Supply Air Total Cooling Rate [W] !TimeStep
5409,1,BLOCK2:THEATER IDEAL LOADS AIR,Zone Ideal Loads Heat Recovery Sensible Heating Rate [W] !TimeStep
5410,1,BLOCK2:THEATER IDEAL LOADS AIR,Zone Ideal Loads Heat Recovery Total Heating Rate [W] !TimeStep
5411,1,BLOCK2:THEATER IDEAL LOADS AIR,Zone Ideal Loads Heat Recovery Sensible Cooling Rate [W] !TimeStep
5412,1,BLOCK2:THEATER IDEAL LOADS AIR,Zone Ideal Loads Heat Recovery Total Cooling Rate [W] !TimeStep
5415,1,BLOCK2:CLOSET IDEAL LOADS AIR,Zone Ideal Loads Supply Air Sensible Heating Rate [W] !TimeStep
5416,1,BLOCK2:CLOSET IDEAL LOADS AIR,Zone Ideal Loads Supply Air Total Heating Rate [W] !TimeStep
5417,1,BLOCK2:CLOSET IDEAL LOADS AIR,Zone Ideal Loads Supply Air Sensible Cooling Rate [W] !TimeStep
5418,1,BLOCK2:CLOSET IDEAL LOADS AIR,Zone Ideal Loads Supply Air Total Cooling Rate [W] !TimeStep
5419,1,BLOCK2:CLOSET IDEAL LOADS AIR,Zone Ideal Loads Heat Recovery Sensible Heating Rate [W] !TimeStep
5420,1,BLOCK2:CLOSET IDEAL LOADS AIR,Zone Ideal Loads Heat Recovery Total Heating Rate [W] !TimeStep
5421,1,BLOCK2:CLOSET IDEAL LOADS AIR,Zone Ideal Loads Heat Recovery Sensible Cooling Rate [W] !TimeStep
5422,1,BLOCK2:CLOSET IDEAL LOADS AIR,Zone Ideal Loads Heat Recovery Total Cooling Rate [W] !TimeStep
5425,1,BLOCK2:ZONE8 IDEAL LOADS AIR,Zone Ideal Loads Supply Air Sensible Heating Rate [W] !TimeStep
5426,1,BLOCK2:ZONE8 IDEAL LOADS AIR,Zone Ideal Loads Supply Air Total Heating Rate [W] !TimeStep
5427,1,BLOCK2:ZONE8 IDEAL LOADS AIR,Zone Ideal Loads Supply Air Sensible Cooling Rate [W] !TimeStep
5428,1,BLOCK2:ZONE8 IDEAL LOADS AIR,Zone Ideal Loads Supply Air Total Cooling Rate [W] !TimeStep
5429,1,BLOCK2:ZONE8 IDEAL LOADS AIR,Zone Ideal Loads Heat Recovery Sensible Heating Rate [W] !TimeStep
5430,1,BLOCK2:ZONE8 IDEAL LOADS AIR,Zone Ideal Loads Heat Recovery Total Heating Rate [W] !TimeStep
5431,1,BLOCK2:ZONE8 IDEAL LOADS AIR,Zone Ideal Loads Heat Recovery Sensible Cooling Rate [W] !TimeStep
5432,1,BLOCK2:ZONE8 IDEAL LOADS AIR,Zone Ideal Loads Heat Recovery Total Cooling Rate [W] !TimeStep
5435,1,BLOCK2:ELEVATOR IDEAL LOADS AIR,Zone Ideal Loads Supply Air Sensible Heating Rate [W] !TimeStep
5436,1,BLOCK2:ELEVATOR IDEAL LOADS AIR,Zone Ideal Loads Supply Air Total Heating Rate [W] !TimeStep
5437,1,BLOCK2:ELEVATOR IDEAL LOADS AIR,Zone Ideal Loads Supply Air Sensible Cooling Rate [W] !TimeStep
5438,1,BLOCK2:ELEVATOR IDEAL LOADS AIR,Zone Ideal Loads Supply Air Total Cooling Rate [W] !TimeStep
5439,1,BLOCK2:ELEVATOR IDEAL LOADS AIR,Zone Ideal Loads Heat Recovery Sensible Heating Rate [W] !TimeStep
5440,1,BLOCK2:ELEVATOR IDEAL LOADS AIR,Zone Ideal Loads Heat Recovery Total Heating Rate [W] !TimeStep
5441,1,BLOCK2:ELEVATOR IDEAL LOADS AIR,Zone Ideal Loads Heat Recovery Sensible Cooling Rate [W] !TimeStep
5442,1,BLOCK2:ELEVATOR IDEAL LOADS AIR,Zone Ideal Loads Heat Recovery Total Cooling Rate [W] !TimeStep
5445,1,BLOCK2:EQUIPTMENTRM. IDEAL LOADS AIR,Zone Ideal Loads Supply Air Sensible Heating Rate [W] !TimeStep
5446,1,BLOCK2:EQUIPTMENTRM. IDEAL LOADS AIR,Zone Ideal Loads Supply Air Total Heating Rate [W] !TimeStep
5447,1,BLOCK2:EQUIPTMENTRM. IDEAL LOADS AIR,Zone Ideal Loads Supply Air Sensible Cooling Rate [W] !TimeStep
5448,1,BLOCK2:EQUIPTMENTRM. IDEAL LOADS AIR,Zone Ideal Loads Supply Air Total Cooling Rate [W] !TimeStep
5449,1,BLOCK2:EQUIPTMENTRM. IDEAL LOADS AIR,Zone Ideal Loads Heat Recovery Sensible Heating Rate [W] !TimeStep
5450,1,BLOCK2:EQUIPTMENTRM. IDEAL LOADS AIR,Zone Ideal Loads Heat Recovery Total Heating Rate [W] !TimeStep
5451,1,BLOCK2:EQUIPTMENTRM. IDEAL LOADS AIR,Zone Ideal Loads Heat Recovery Sensible Cooling Rate [W] !TimeStep
5452,1,BLOCK2:EQUIPTMENTRM. IDEAL LOADS AIR,Zone Ideal Loads Heat Recovery Total Cooling Rate [W] !TimeStep
5455,1,BLOCK1:MAINAREA IDEAL LOADS AIR,Zone Ideal Loads Supply Air Sensible Heating Rate [W] !TimeStep
5456,1,BLOCK1:MAINAREA IDEAL LOADS AIR,Zone Ideal Loads Supply Air Total Heating Rate [W] !TimeStep
5457,1,BLOCK1:MAINAREA IDEAL LOADS AIR,Zone Ideal Loads Supply Air Sensible Cooling Rate [W] !TimeStep
5458,1,BLOCK1:MAINAREA IDEAL LOADS AIR,Zone Ideal Loads Supply Air Total Cooling Rate [W] !TimeStep
5459,1,BLOCK1:MAINAREA IDEAL LOADS AIR,Zone Ideal Loads Heat Recovery Sensible Heating Rate [W] !TimeStep
5460,1,BLOCK1:MAINAREA IDEAL LOADS AIR,Zone Ideal Loads Heat Recovery Total Heating Rate [W] !TimeStep
5461,1,BLOCK1:MAINAREA IDEAL LOADS AIR,Zone Ideal Loads Heat Recovery Sensible Cooling Rate [W] !TimeStep
5462,1,BLOCK1:MAINAREA IDEAL LOADS AIR,Zone Ideal Loads Heat Recovery Total Cooling Rate [W] !TimeStep
1122,1,ELECTRIC EQUIPMENT#1stFloor:Stairs#05:InteriorEquipment:Electricity [J] !TimeStep
99,1,ELECTRIC EQUIPMENT#1stFloor:Stairs#GeneralLights:InteriorLights:Electricity [J] !TimeStep
1143,1,ELECTRIC EQUIPMENT#1stFloor:TrashRoom#05:InteriorEquipment:Electricity [J] !TimeStep
130,1,ELECTRIC EQUIPMENT#1stFloor:TrashRoom#GeneralLights:InteriorLights:Electricity [J] !TimeStep
1164,1,ELECTRIC EQUIPMENT#1stFloor:StaffRestroom#05:InteriorEquipment:Electricity [J] !TimeStep
161,1,ELECTRIC EQUIPMENT#1stFloor:StaffRestroom#GeneralLights:InteriorLights:Electricity [J] !TimeStep
1185,1,ELECTRIC EQUIPMENT#1stFloor:OpenOffice#05:InteriorEquipment:Electricity [J] !TimeStep
192,1,ELECTRIC EQUIPMENT#1stFloor:OpenOffice#GeneralLights:InteriorLights:Electricity [J] !TimeStep
1206,1,ELECTRIC EQUIPMENT#1stFloor:Office111#05:InteriorEquipment:Electricity [J] !TimeStep
223,1,ELECTRIC EQUIPMENT#1stFloor:Office111#GeneralLights:InteriorLights:Electricity [J] !TimeStep
1227,1,ELECTRIC EQUIPMENT#1stFloor:Tank#05:InteriorEquipment:Electricity [J] !TimeStep
254,1,ELECTRIC EQUIPMENT#1stFloor:Tank#GeneralLights:InteriorLights:Electricity [J] !TimeStep
1248,1,ELECTRIC EQUIPMENT#1stFloor:PumpRoom#05:InteriorEquipment:Electricity [J] !TimeStep
285,1,ELECTRIC EQUIPMENT#1stFloor:PumpRoom#GeneralLights:InteriorLights:Electricity [J] !TimeStep
1269,1,ELECTRIC EQUIPMENT#1stFloor:Lobby#05:InteriorEquipment:Electricity [J] !TimeStep
316,1,ELECTRIC EQUIPMENT#1stFloor:Lobby#GeneralLights:InteriorLights:Electricity [J] !TimeStep
1290,1,ELECTRIC EQUIPMENT#1stFloor:PrepRoom#05:InteriorEquipment:Electricity [J] !TimeStep
347,1,ELECTRIC EQUIPMENT#1stFloor:PrepRoom#GeneralLights:InteriorLights:Electricity [J] !TimeStep
1311,1,ELECTRIC EQUIPMENT#1stFloor:Kitchen#05:InteriorEquipment:Electricity [J] !TimeStep
378,1,ELECTRIC EQUIPMENT#1stFloor:Kitchen#GeneralLights:InteriorLights:Electricity [J] !TimeStep
1332,1,ELECTRIC EQUIPMENT#1stFloor:Vestibule#05:InteriorEquipment:Electricity [J] !TimeStep
409,1,ELECTRIC EQUIPMENT#1stFloor:Vestibule#GeneralLights:InteriorLights:Electricity [J] !TimeStep
1353,1,ELECTRIC EQUIPMENT#1stFloor:Elec.#05:InteriorEquipment:Electricity [J] !TimeStep
440,1,ELECTRIC EQUIPMENT#1stFloor:Elec.#GeneralLights:InteriorLights:Electricity [J] !TimeStep
1374,1,ELECTRIC EQUIPMENT#1stFloor:Janitor#05:InteriorEquipment:Electricity [J] !TimeStep
471,1,ELECTRIC EQUIPMENT#1stFloor:Janitor#GeneralLights:InteriorLights:Electricity [J] !TimeStep
1395,1,ELECTRIC EQUIPMENT#1stFloor:Men%sRestroom#05:InteriorEquipment:Electricity [J] !TimeStep
502,1,ELECTRIC EQUIPMENT#1stFloor:Men%sRestroom#GeneralLights:InteriorLights:Electricity [J] !TimeStep
1416,1,ELECTRIC EQUIPMENT#1stFloor:Lobby1#05:InteriorEquipment:Electricity [J] !TimeStep
533,1,ELECTRIC EQUIPMENT#1stFloor:Lobby1#GeneralLights:InteriorLights:Electricity [J] !TimeStep
1437,1,ELECTRIC EQUIPMENT#1stFloor:Storage#05:InteriorEquipment:Electricity [J] !TimeStep
564,1,ELECTRIC EQUIPMENT#1stFloor:Storage#GeneralLights:InteriorLights:Electricity [J] !TimeStep
1458,1,ELECTRIC EQUIPMENT#1stFloor:Elev.Closet#05:InteriorEquipment:Electricity [J] !TimeStep
595,1,ELECTRIC EQUIPMENT#1stFloor:Elev.Closet#GeneralLights:InteriorLights:Electricity [J] !TimeStep
1479,1,ELECTRIC EQUIPMENT#1stFloor:Elevator#05:InteriorEquipment:Electricity [J] !TimeStep
626,1,ELECTRIC EQUIPMENT#1stFloor:Elevator#GeneralLights:InteriorLights:Electricity [J] !TimeStep
1500,1,ELECTRIC EQUIPMENT#1stFloor:Office#05:InteriorEquipment:Electricity [J] !TimeStep
657,1,ELECTRIC EQUIPMENT#1stFloor:Office#GeneralLights:InteriorLights:Electricity [J] !TimeStep
1521,1,ELECTRIC EQUIPMENT#1stFloor:Women%sRestroom#05:InteriorEquipment:Electricity [J] !TimeStep
688,1,ELECTRIC EQUIPMENT#1stFloor:Women%sRestroom#GeneralLights:InteriorLights:Electricity [J] !TimeStep
1542,1,ELECTRIC EQUIPMENT#1stFloor:ClassRoom#05:InteriorEquipment:Electricity [J] !TimeStep
719,1,ELECTRIC EQUIPMENT#1stFloor:ClassRoom#GeneralLights:InteriorLights:Electricity [J] !TimeStep
1563,1,ELECTRIC EQUIPMENT#Block2:Storge#05:InteriorEquipment:Electricity [J] !TimeStep
750,1,ELECTRIC EQUIPMENT#Block2:Storge#GeneralLights:InteriorLights:Electricity [J] !TimeStep
1584,1,ELECTRIC EQUIPMENT#Block2:MainArea#05:InteriorEquipment:Electricity [J] !TimeStep
781,1,ELECTRIC EQUIPMENT#Block2:MainArea#GeneralLights:InteriorLights:Electricity [J] !TimeStep
1605,1,ELECTRIC EQUIPMENT#Block2:Aquarium#05:InteriorEquipment:Electricity [J] !TimeStep
812,1,ELECTRIC EQUIPMENT#Block2:Aquarium#GeneralLights:InteriorLights:Electricity [J] !TimeStep
1626,1,ELECTRIC EQUIPMENT#Block2:Elevator1#05:InteriorEquipment:Electricity [J] !TimeStep
843,1,ELECTRIC EQUIPMENT#Block2:Elevator1#GeneralLights:InteriorLights:Electricity [J] !TimeStep
1647,1,ELECTRIC EQUIPMENT#Block2:Vestibule#05:InteriorEquipment:Electricity [J] !TimeStep
874,1,ELECTRIC EQUIPMENT#Block2:Vestibule#GeneralLights:InteriorLights:Electricity [J] !TimeStep
1668,1,ELECTRIC EQUIPMENT#Block2:Mech.#05:InteriorEquipment:Electricity [J] !TimeStep
905,1,ELECTRIC EQUIPMENT#Block2:Mech.#GeneralLights:InteriorLights:Electricity [J] !TimeStep
1689,1,ELECTRIC EQUIPMENT#Block2:Theater#05:InteriorEquipment:Electricity [J] !TimeStep
936,1,ELECTRIC EQUIPMENT#Block2:Theater#GeneralLights:InteriorLights:Electricity [J] !TimeStep
1710,1,ELECTRIC EQUIPMENT#Block2:Closet#05:InteriorEquipment:Electricity [J] !TimeStep
967,1,ELECTRIC EQUIPMENT#Block2:Closet#GeneralLights:InteriorLights:Electricity [J] !TimeStep
1731,1,ELECTRIC EQUIPMENT#Block2:Zone8#05:InteriorEquipment:Electricity [J] !TimeStep
998,1,ELECTRIC EQUIPMENT#Block2:Zone8#GeneralLights:InteriorLights:Electricity [J] !TimeStep
1752,1,ELECTRIC EQUIPMENT#Block2:Elevator#05:InteriorEquipment:Electricity [J] !TimeStep
1029,1,ELECTRIC EQUIPMENT#Block2:Elevator#GeneralLights:InteriorLights:Electricity [J] !TimeStep
1773,1,ELECTRIC EQUIPMENT#Block2:EquiptmentRm.#05:InteriorEquipment:Electricity [J] !TimeStep
1060,1,ELECTRIC EQUIPMENT#Block2:EquiptmentRm.#GeneralLights:InteriorLights:Electricity [J] !TimeStep
1794,1,ELECTRIC EQUIPMENT#Block1:MainArea#05:InteriorEquipment:Electricity [J] !TimeStep
1091,1,ELECTRIC EQUIPMENT#Block1:MainArea#GeneralLights:InteriorLights:Electricity [J] !TimeStep
5486,1,1STFLOOR:STAIRS,Zone Mechanical Ventilation Air Changes per Hour [ach] !TimeStep
5487,1,1STFLOOR:TRASHROOM,Zone Mechanical Ventilation Air Changes per Hour [ach] !TimeStep
5488,1,1STFLOOR:STAFFRESTROOM,Zone Mechanical Ventilation Air Changes per Hour [ach] !TimeStep
5489,1,1STFLOOR:OPENOFFICE,Zone Mechanical Ventilation Air Changes per Hour [ach] !TimeStep
5490,1,1STFLOOR:OFFICE111,Zone Mechanical Ventilation Air Changes per Hour [ach] !TimeStep
5491,1,1STFLOOR:TANK,Zone Mechanical Ventilation Air Changes per Hour [ach] !TimeStep
5492,1,1STFLOOR:PUMPROOM,Zone Mechanical Ventilation Air Changes per Hour [ach] !TimeStep
5493,1,1STFLOOR:LOBBY,Zone Mechanical Ventilation Air Changes per Hour [ach] !TimeStep
5494,1,1STFLOOR:PREPROOM,Zone Mechanical Ventilation Air Changes per Hour [ach] !TimeStep
5495,1,1STFLOOR:KITCHEN,Zone Mechanical Ventilation Air Changes per Hour [ach] !TimeStep
5496,1,1STFLOOR:VESTIBULE,Zone Mechanical Ventilation Air Changes per Hour [ach] !TimeStep
5497,1,1STFLOOR:ELEC.,Zone Mechanical Ventilation Air Changes per Hour [ach] !TimeStep
5498,1,1STFLOOR:JANITOR,Zone Mechanical Ventilation Air Changes per Hour [ach] !TimeStep
5499,1,1STFLOOR:MEN%SRESTROOM,Zone Mechanical Ventilation Air Changes per Hour [ach] !TimeStep
5500,1,1STFLOOR:LOBBY1,Zone Mechanical Ventilation Air Changes per Hour [ach] !TimeStep
5501,1,1STFLOOR:STORAGE,Zone Mechanical Ventilation Air Changes per Hour [ach] !TimeStep
5502,1,1STFLOOR:ELEV.CLOSET,Zone Mechanical Ventilation Air Changes per Hour [ach] !TimeStep
5503,1,1STFLOOR:ELEVATOR,Zone Mechanical Ventilation Air Changes per Hour [ach] !TimeStep
5504,1,1STFLOOR:OFFICE,Zone Mechanical Ventilation Air Changes per Hour [ach] !TimeStep
5505,1,1STFLOOR:WOMEN%SRESTROOM,Zone Mechanical Ventilation Air Changes per Hour [ach] !TimeStep
5506,1,1STFLOOR:CLASSROOM,Zone Mechanical Ventilation Air Changes per Hour [ach] !TimeStep
5507,1,BLOCK2:STORGE,Zone Mechanical Ventilation Air Changes per Hour [ach] !TimeStep
5508,1,BLOCK2:MAINAREA,Zone Mechanical Ventilation Air Changes per Hour [ach] !TimeStep
5509,1,BLOCK2:AQUARIUM,Zone Mechanical Ventilation Air Changes per Hour [ach] !TimeStep
5510,1,BLOCK2:ELEVATOR1,Zone Mechanical Ventilation Air Changes per Hour [ach] !TimeStep
5511,1,BLOCK2:VESTIBULE,Zone Mechanical Ventilation Air Changes per Hour [ach] !TimeStep
5512,1,BLOCK2:MECH.,Zone Mechanical Ventilation Air Changes per Hour [ach] !TimeStep
5513,1,BLOCK2:THEATER,Zone Mechanical Ventilation Air Changes per Hour [ach] !TimeStep
5514,1,BLOCK2:CLOSET,Zone Mechanical Ventilation Air Changes per Hour [ach] !TimeStep
5515,1,BLOCK2:ZONE8,Zone Mechanical Ventilation Air Changes per Hour [ach] !TimeStep
5516,1,BLOCK2:ELEVATOR,Zone Mechanical Ventilation Air Changes per Hour [ach] !TimeStep
5517,1,BLOCK2:EQUIPTMENTRM.,Zone Mechanical Ventilation Air Changes per Hour [ach] !TimeStep
5518,1,BLOCK1:MAINAREA,Zone Mechanical Ventilation Air Changes per Hour [ach] !TimeStep
